Date,Temp High (°C),Temp Low (°C),Precipitation (mm),Humidity (%),Wind Speed (km/h),Pressure (hPa),UV Index
2019-01-01,-2.3,-8.7,3.2,78,12.4,1012.5,2
2019-01-02,-1.5,-7.2,0.0,65,15.8,1015.3,2
2019-01-03,0.2,-5.3,8.7,83,22.3,1008.7,1
2019-01-04,1.7,-3.8,12.4,89,18.9,1003.2,1
2019-01-05,-0.5,-6.2,5.1,76,14.2,1007.5,2
2019-01-06,17.7,10.0,7.43,70.6,10.1,1007.7,5
2019-01-07,35.8,25.9,3.8,34.2,12.7,1011.1,2
2019-01-08,27.7,19.8,14.06,81.2,11.2,1023.5,11
2019-01-09,15.3,10.1,1.2,72.0,16.1,1006.9,2
2019-01-10,25.4,17.3,0.64,76.4,5.3,1021.0,11
2019-01-11,15.4,11.8,4.87,59.3,9.4,1013.0,5
2019-01-12,15.3,8.0,4.56,64.2,22.7,1011.2,11
2019-01-13,22.4,15.5,8.96,63.8,10.4,1015.5,6
2019-01-14,0.9,-5.5,3.29,85.3,21.2,1009.1,7
2019-01-15,2.8,-3.9,6.66,64.3,16.8,1008.7,4
2019-01-16,14.4,13.0,5.95,100.0,6.0,996.0,9
2019-01-17,9.9,4.5,2.29,76.5,18.2,1010.5,5
2019-01-18,23.1,15.9,4.69,50.9,14.4,1008.2,11
2019-01-19,10.9,3.4,8.15,68.1,12.7,1007.8,0
2019-01-20,5.9,2.0,7.36,60.2,16.2,1017.2,5
2019-01-21,34.7,23.9,2.72,37.1,17.4,1019.6,8
2019-01-22,17.7,13.3,7.1,94.0,18.5,1015.3,9
2019-01-23,20.7,10.8,2.68,80.5,20.9,1023.0,3
2019-01-24,5.8,-2.5,3.36,78.0,17.0,1018.8,9
2019-01-25,14.6,9.5,3.37,72.5,8.1,1010.0,0
2019-01-26,21.1,8.8,2.25,49.3,12.6,1008.4,10
2019-01-27,8.5,5.1,8.96,62.7,29.7,1016.1,8
2019-01-28,23.8,14.0,2.58,82.6,18.6,1018.7,3
2019-01-29,14.0,4.0,2.6,54.2,26.8,1027.0,1
2019-01-30,17.1,12.1,1.03,32.0,22.0,1024.9,0
2019-01-31,14.0,2.8,3.89,66.6,16.2,1007.6,2
2019-02-01,38.5,30.0,9.15,67.9,16.5,1012.0,6
2019-02-02,19.9,12.0,6.02,72.0,14.8,1019.7,10
2019-02-03,9.4,1.6,1.25,80.9,6.3,1023.7,9
2019-02-04,28.2,21.6,15.43,79.6,15.1,1022.4,1
2019-02-05,7.8,-1.6,4.32,73.9,21.1,1012.4,8
2019-02-06,22.1,12.7,9.38,87.9,12.0,1000.5,11
2019-02-07,0.4,-1.4,2.24,47.2,17.1,1003.0,10
2019-02-08,6.7,-4.2,5.67,77.6,19.3,1015.7,1
2019-02-09,22.0,20.0,7.2,79.4,10.5,1016.4,4
2019-02-10,27.4,17.3,9.09,51.4,12.7,1002.0,7
2019-02-11,21.7,11.3,8.29,47.5,9.9,1013.4,11
2019-02-12,18.8,15.1,7.36,58.8,10.9,1019.3,9
2019-02-13,17.0,11.2,1.42,60.1,8.6,1001.5,7
2019-02-14,5.2,1.5,0.14,81.3,10.5,1024.0,2
2019-02-15,12.8,6.4,4.66,60.8,22.1,1009.2,1
2019-02-16,15.4,9.3,7.67,57.2,10.4,1025.6,8
2019-02-17,30.6,21.2,1.89,60.8,15.6,1007.7,2
2019-02-18,23.4,12.5,8.33,86.8,12.5,1002.7,7
2019-02-19,2.4,-8.8,10.26,70.2,20.9,1008.4,1
2019-02-20,23.2,17.9,1.58,67.3,21.6,1012.0,2
2019-02-21,16.1,9.8,1.18,68.3,19.3,1009.1,0
2019-02-22,13.2,11.3,2.3,89.4,16.5,1010.8,10
2019-02-23,26.1,21.5,4.54,58.8,13.8,1016.3,5
2019-02-24,30.3,20.4,0.38,89.7,9.0,1011.3,6
2019-02-25,29.3,17.5,9.76,73.2,24.7,1012.3,3
2019-02-26,11.6,8.3,5.12,67.6,11.2,995.9,0
2019-02-27,16.9,11.7,3.2,100.0,18.3,1016.9,2
2019-02-28,23.3,16.4,4.18,54.2,20.3,1012.1,8
2019-03-01,29.8,21.9,3.58,64.7,12.2,1029.1,4
2019-03-02,15.2,10.6,4.41,51.5,20.2,1003.6,5
2019-03-03,18.1,9.9,7.66,84.3,18.8,994.9,3
2019-03-04,8.9,3.4,8.06,95.3,23.6,1019.2,0
2019-03-05,8.0,1.1,2.21,95.0,12.7,1016.5,4
2019-03-06,28.1,19.5,19.22,88.4,8.6,1002.9,4
2019-03-07,33.6,26.5,14.54,67.0,12.5,997.7,4
2019-03-08,19.3,13.6,2.09,64.5,16.0,1028.4,5
2019-03-09,30.0,23.4,2.47,44.9,15.3,1027.1,10
2019-03-10,23.6,16.9,7.98,100.0,13.0,988.1,1
2019-03-11,13.5,7.7,11.52,77.0,5.5,1008.4,0
2019-03-12,23.6,17.4,5.19,62.6,17.4,1029.6,1
2019-03-13,35.4,23.6,5.93,89.9,24.9,1008.2,9
2019-03-14,19.6,11.0,0.11,55.4,17.3,1008.1,5
2019-03-15,35.6,29.5,5.91,76.1,18.0,1010.2,4
2019-03-16,-6.2,-15.3,5.48,67.4,17.9,1001.8,4
2019-03-17,28.2,22.2,8.35,79.6,17.0,996.0,11
2019-03-18,20.9,10.4,3.0,69.0,19.7,1023.5,11
2019-03-19,17.0,8.9,8.58,48.2,17.0,994.6,5
2019-03-20,20.9,14.2,7.29,71.1,13.4,1015.5,9
2019-03-21,0.1,-8.2,1.14,85.7,11.0,1021.9,6
2019-03-22,17.8,15.5,7.09,69.6,13.8,998.5,8
2019-03-23,23.6,20.0,3.73,81.6,16.6,1003.8,6
2019-03-24,34.8,30.0,6.97,54.3,13.4,1025.1,1
2019-03-25,14.8,7.4,2.39,69.6,16.6,1018.3,5
2019-03-26,11.9,-0.3,0.71,60.6,17.2,1006.8,8
2019-03-27,15.0,1.3,2.2,81.2,19.2,1025.0,6
2019-03-28,29.2,20.2,1.15,70.5,21.4,1025.1,1
2019-03-29,23.3,14.8,3.74,80.4,15.4,1015.7,2
2019-03-30,14.7,13.1,0.57,86.3,8.5,1004.0,7
2019-03-31,25.1,19.8,5.61,80.4,13.3,1008.9,10
2019-04-01,21.0,16.3,4.61,74.1,15.2,1015.9,8
2019-04-02,29.7,24.5,3.84,55.0,5.8,1011.1,3
2019-04-03,13.0,6.5,1.98,70.0,21.9,1022.4,8
2019-04-04,16.7,11.1,2.09,62.0,15.7,997.7,1
2019-04-05,16.1,15.0,7.89,64.8,16.9,998.1,10
2019-04-06,5.4,-3.9,3.89,64.4,21.8,1014.8,4
2019-04-07,23.0,19.2,10.14,55.3,11.8,1008.1,10
2019-04-08,22.6,14.9,4.37,40.6,17.9,1006.7,1
2019-04-09,20.1,6.8,0.07,60.0,14.5,995.3,10
2019-04-10,17.7,13.4,4.65,72.9,14.1,1013.2,0
2019-04-11,5.8,6.4,9.26,49.8,11.1,1012.5,4
2019-04-12,15.8,9.7,0.76,70.2,23.3,1019.5,1
2019-04-13,16.6,6.3,0.46,98.5,13.1,1013.7,6
2019-04-14,12.0,-0.9,6.84,85.3,18.5,1011.7,7
2019-04-15,18.4,15.1,3.52,94.7,5.6,1024.8,1
2019-04-16,24.0,15.6,13.21,75.9,20.9,999.9,6
2019-04-17,38.9,30.0,4.39,87.5,20.3,1018.4,3
2019-04-18,21.7,15.1,2.89,59.1,15.5,996.3,0
2019-04-19,22.6,7.6,4.61,60.3,13.9,1004.6,10
2019-04-20,19.3,16.8,2.94,28.9,17.0,1000.9,2
2019-04-21,0.8,-6.9,1.07,87.8,26.4,1020.8,10
2019-04-22,19.7,11.3,7.12,93.1,6.2,1012.3,11
2019-04-23,20.6,10.3,4.13,61.7,18.9,1012.9,0
2019-04-24,40.0,30.0,3.09,66.2,10.4,1001.9,4
2019-04-25,18.1,10.2,1.88,58.7,14.9,1010.0,7
2019-04-26,23.0,17.2,9.52,75.7,13.8,1005.4,0
2019-04-27,19.7,11.8,6.32,86.9,12.9,1016.8,8
2019-04-28,8.3,2.3,0.24,43.9,14.9,1003.1,2
2019-04-29,31.4,22.6,8.01,76.1,9.3,1026.3,4
2019-04-30,27.5,21.6,0.51,65.8,20.1,996.2,8
2019-05-01,27.9,19.8,0.91,71.7,6.0,1004.9,4
2019-05-02,10.9,4.0,0.8,76.9,17.7,1029.8,8
2019-05-03,34.0,23.6,5.86,67.2,13.4,1008.6,9
2019-05-04,6.0,-0.9,5.36,68.4,9.1,999.9,7
2019-05-05,25.9,24.2,6.16,66.8,16.0,1015.2,6
2019-05-06,40.0,29.2,3.14,84.6,7.2,1008.2,10
2019-05-07,10.1,5.8,7.38,76.3,15.2,1004.6,0
2019-05-08,14.3,9.3,2.57,73.3,7.9,1002.0,3
2019-05-09,21.0,15.8,2.25,50.9,17.3,1040.7,8
2019-05-10,15.0,3.8,1.37,64.3,10.4,1010.5,9
2019-05-11,4.5,3.9,2.21,83.5,12.7,993.7,7
2019-05-12,20.7,4.3,2.86,70.6,16.5,1027.9,3
2019-05-13,9.4,-0.8,5.32,79.9,11.1,1019.1,11
2019-05-14,24.7,17.1,0.25,96.5,14.7,1005.3,0
2019-05-15,10.8,4.0,4.58,85.6,7.4,1003.7,9
2019-05-16,35.5,27.6,1.43,71.4,18.2,1019.7,3
2019-05-17,12.2,3.6,3.91,62.3,23.8,1010.5,2
2019-05-18,16.8,7.8,9.52,31.7,29.0,993.7,5
2019-05-19,28.1,19.5,5.93,67.5,15.5,1030.9,10
2019-05-20,7.7,0.4,0.94,65.1,18.9,1008.7,4
2019-05-21,22.3,15.9,4.29,75.9,6.1,1028.0,4
2019-05-22,33.1,26.5,1.8,67.7,22.5,1025.8,1
2019-05-23,3.9,-2.5,3.04,65.2,18.9,1003.0,11
2019-05-24,21.8,11.4,1.37,43.3,12.6,1023.3,2
2019-05-25,22.6,13.8,2.18,55.9,21.2,1006.5,10
2019-05-26,27.8,29.6,4.06,77.1,13.7,994.3,5
2019-05-27,7.6,-1.3,1.97,95.7,12.7,1008.8,1
2019-05-28,6.8,-0.8,2.08,68.5,17.4,1017.0,3
2019-05-29,25.2,18.3,3.94,74.9,9.7,1008.4,1
2019-05-30,23.0,17.1,5.0,84.3,20.1,1009.9,8
2019-05-31,22.5,12.1,3.09,57.8,9.7,1024.4,2
2019-06-01,23.5,13.6,3.8,75.5,9.7,1014.1,9
2019-06-02,13.2,8.5,1.46,58.9,10.5,1004.6,9
2019-06-03,22.3,14.1,5.57,83.0,18.8,1020.0,5
2019-06-04,22.9,18.8,3.17,72.3,11.9,1015.0,0
2019-06-05,12.9,10.0,6.84,74.5,8.3,987.8,10
2019-06-06,38.7,30.0,6.27,58.3,12.0,1017.3,9
2019-06-07,24.7,15.2,7.05,80.6,14.8,1016.9,2
2019-06-08,8.1,-1.8,1.97,100.0,9.1,1013.2,7
2019-06-09,26.6,18.0,5.1,54.9,9.2,1021.9,4
2019-06-10,10.3,1.1,1.28,64.9,25.6,1006.3,7
2019-06-11,27.9,19.3,3.49,73.5,10.7,1016.4,1
2019-06-12,31.6,26.5,3.32,81.8,13.4,997.3,6
2019-06-13,11.8,3.5,5.97,61.6,13.2,1017.1,8
2019-06-14,29.6,20.2,1.09,27.5,12.9,1032.5,6
2019-06-15,24.1,14.9,2.38,90.4,18.1,1003.1,2
2019-06-16,28.2,17.7,1.01,81.4,19.7,1005.4,6
2019-06-17,39.0,29.8,2.92,43.9,13.5,1005.9,7
2019-06-18,17.5,9.5,1.0,60.9,8.8,1014.3,0
2019-06-19,12.5,2.3,4.35,93.5,21.4,1002.4,2
2019-06-20,11.1,4.2,2.78,91.7,14.5,1017.2,4
2019-06-21,11.8,7.5,3.91,84.1,23.7,1021.5,11
2019-06-22,19.2,12.7,0.35,67.4,3.8,1018.3,5
2019-06-23,23.4,18.6,8.86,71.2,16.0,995.3,2
2019-06-24,22.8,17.8,2.88,68.0,24.6,1023.0,3
2019-06-25,28.3,21.7,5.44,86.9,13.2,1022.4,4
2019-06-26,20.1,15.5,8.91,56.9,13.9,1021.3,2
2019-06-27,34.5,28.5,5.4,57.9,16.5,1016.7,3
2019-06-28,17.4,16.0,1.99,85.2,12.2,1015.2,4
2019-06-29,40.0,30.0,0.36,69.3,13.4,1023.3,1
2019-06-30,26.3,19.3,8.18,90.7,13.3,1032.2,9
2019-07-01,11.4,6.9,4.11,59.9,11.9,1003.5,8
2019-07-02,9.3,0.3,1.85,69.2,21.1,1023.8,9
2019-07-03,24.8,15.0,1.01,56.2,17.3,1012.1,7
2019-07-04,17.8,15.6,9.19,70.1,16.3,1011.7,11
2019-07-05,27.1,22.4,4.9,47.8,19.0,997.6,5
2019-07-06,24.7,20.0,1.84,62.7,13.7,1010.2,9
2019-07-07,19.3,15.1,1.45,48.5,11.1,1003.0,10
2019-07-08,11.5,2.0,0.07,80.4,12.0,1008.4,2
2019-07-09,4.9,-1.6,0.55,80.7,15.0,1002.0,10
2019-07-10,15.5,9.3,7.89,44.0,9.7,1008.5,1
2019-07-11,28.6,27.6,3.86,90.0,12.5,1008.9,6
2019-07-12,22.1,13.2,11.04,100.0,12.4,1014.0,7
2019-07-13,7.5,4.3,7.14,70.7,25.6,996.9,9
2019-07-14,21.7,14.6,8.45,60.4,1.1,998.5,0
2019-07-15,23.9,16.0,0.69,100.0,14.1,1016.6,5
2019-07-16,11.2,0.1,2.25,50.2,23.6,1005.0,6
2019-07-17,21.5,18.5,4.17,70.3,15.6,1023.7,8
2019-07-18,20.6,22.6,0.38,72.7,18.8,1015.3,11
2019-07-19,8.6,1.0,5.47,90.2,15.5,1019.1,2
2019-07-20,23.6,11.2,9.48,75.4,11.7,1027.1,1
2019-07-21,25.6,14.9,2.54,62.5,3.8,1009.9,4
2019-07-22,30.8,23.2,1.17,55.7,16.0,1007.3,9
2019-07-23,30.5,25.0,2.24,64.9,11.1,1021.7,0
2019-07-24,6.2,-3.2,3.98,54.9,11.0,1018.1,5
2019-07-25,10.6,6.5,5.96,70.7,12.5,1011.1,8
2019-07-26,25.2,16.7,0.62,61.5,23.7,1026.9,9
2019-07-27,25.1,16.6,2.02,47.6,27.0,1010.9,8
2019-07-28,25.2,15.0,0.74,88.8,16.1,1013.3,6
2019-07-29,40.0,24.7,0.95,62.5,12.7,1013.2,10
2019-07-30,25.7,17.5,2.96,51.0,9.1,1003.7,6
2019-07-31,31.4,25.9,1.92,67.5,17.3,1013.8,7
2019-08-01,29.5,22.6,1.14,71.0,23.9,1027.0,9
2019-08-02,26.5,24.8,0.64,43.8,13.8,1017.4,1
2019-08-03,16.8,11.9,4.6,75.0,3.1,1013.3,5
2019-08-04,27.6,21.8,11.27,54.3,18.4,1011.4,4
2019-08-05,12.3,6.8,3.7,95.7,19.9,1016.3,4
2019-08-06,17.6,10.2,7.98,77.9,7.1,1020.5,2
2019-08-07,15.1,10.6,3.95,64.0,15.9,1019.1,2
2019-08-08,20.8,10.5,3.79,58.8,17.3,1009.7,5
2019-08-09,40.0,30.0,2.49,68.4,14.6,1016.2,11
2019-08-10,1.3,-5.6,4.38,79.2,11.0,1017.8,9
2019-08-11,26.9,20.8,0.7,69.6,20.1,1002.9,9
2019-08-12,3.9,-3.6,8.96,66.7,13.0,1014.7,6
2019-08-13,15.3,5.8,7.75,70.9,7.6,991.4,0
2019-08-14,30.9,26.5,4.22,60.9,4.8,1017.8,2
2019-08-15,20.6,15.6,4.66,64.9,21.3,1019.6,11
2019-08-16,9.2,3.1,2.02,38.7,18.1,1020.5,0
2019-08-17,12.8,9.9,4.51,84.6,15.4,1009.0,9
2019-08-18,26.8,22.3,3.88,74.5,12.8,1016.1,2
2019-08-19,12.7,7.1,6.22,58.4,12.4,1027.2,4
2019-08-20,22.2,12.5,1.45,98.5,9.6,1027.1,8
2019-08-21,20.5,12.7,2.68,71.3,12.8,1012.7,2
2019-08-22,13.5,5.9,5.68,54.5,4.4,1014.4,9
2019-08-23,40.0,30.0,7.98,82.9,11.3,1024.1,9
2019-08-24,26.3,19.8,2.19,76.0,13.4,998.0,8
2019-08-25,-0.3,-8.4,3.72,75.9,18.0,1009.8,0
2019-08-26,21.9,15.2,7.25,63.6,14.8,1026.4,5
2019-08-27,13.4,5.6,6.46,76.8,19.0,1022.8,8
2019-08-28,28.5,23.3,5.91,66.1,21.7,1016.7,11
2019-08-29,12.1,12.4,1.0,78.3,20.3,997.9,4
2019-08-30,18.9,12.3,6.54,41.4,17.4,1012.5,10
2019-08-31,25.0,13.8,1.03,63.5,15.1,1007.1,9
2019-09-01,28.7,18.9,8.01,95.8,10.1,1016.3,1
2019-09-02,8.0,-1.9,9.97,58.5,18.7,1004.9,4
2019-09-03,16.7,5.9,6.55,60.9,23.4,1002.7,0
2019-09-04,15.3,8.0,5.15,63.3,16.7,992.4,8
2019-09-05,13.5,5.9,4.9,51.8,24.6,1025.2,9
2019-09-06,37.7,30.0,0.22,36.9,7.4,1009.0,9
2019-09-07,24.0,18.0,2.35,66.5,9.2,1014.6,8
2019-09-08,7.4,-1.5,11.35,72.0,19.3,1013.0,5
2019-09-09,29.2,18.6,1.71,69.2,16.3,1002.3,10
2019-09-10,40.0,30.0,11.07,67.8,21.6,1000.4,8
2019-09-11,30.3,24.7,1.39,70.6,14.9,1002.9,2
2019-09-12,4.8,-2.2,9.63,85.3,10.7,1005.8,3
2019-09-13,15.2,6.4,4.03,67.1,13.9,1016.7,5
2019-09-14,32.7,30.0,5.93,61.4,7.3,1005.0,3
2019-09-15,12.9,12.8,0.68,65.8,9.4,1030.5,0
2019-09-16,24.4,19.1,4.08,78.7,19.9,1023.3,6
2019-09-17,27.7,24.4,4.09,91.2,19.4,1021.1,4
2019-09-18,10.7,5.3,8.05,60.6,16.8,1011.8,7
2019-09-19,19.4,12.8,1.22,71.5,6.4,1028.1,8
2019-09-20,-10.0,-15.6,4.5,75.1,13.2,1010.8,4
2019-09-21,9.8,-1.6,2.54,55.1,8.9,1012.7,7
2019-09-22,17.5,9.5,2.56,70.3,20.9,1014.7,0
2019-09-23,7.5,-0.4,5.74,48.0,12.1,1020.0,0
2019-09-24,36.3,27.5,7.75,43.5,9.6,1019.4,6
2019-09-25,5.7,2.1,2.7,75.5,15.1,1008.2,5
2019-09-26,15.6,5.5,12.28,64.2,11.8,1007.7,4
2019-09-27,21.3,14.5,4.12,73.0,22.4,1019.4,4
2019-09-28,34.4,25.4,1.27,69.7,11.3,1020.2,8
2019-09-29,5.6,1.9,5.06,55.4,8.0,1009.1,0
2019-09-30,31.6,29.3,1.69,69.3,4.2,997.1,7
2019-10-01,20.1,10.6,1.32,51.5,14.8,1010.9,1
2019-10-02,10.2,2.1,7.8,90.9,12.2,1019.2,6
2019-10-03,24.6,20.3,5.31,49.7,7.9,1031.1,5
2019-10-04,22.0,17.6,2.9,67.1,20.9,1001.0,9
2019-10-05,14.0,3.6,3.86,54.4,18.3,1008.7,1
2019-10-06,20.7,17.3,6.36,78.6,14.9,1009.1,11
2019-10-07,16.1,4.2,10.64,65.0,21.8,1026.6,2
2019-10-08,21.1,16.8,7.44,62.2,18.3,1012.7,3
2019-10-09,26.6,17.7,6.8,82.8,10.9,1003.9,6
2019-10-10,35.9,29.8,3.3,70.4,9.8,1018.6,7
2019-10-11,7.6,-1.2,4.94,77.7,19.1,1009.0,10
2019-10-12,40.0,30.0,9.25,55.3,17.0,1000.8,1
2019-10-13,0.5,-6.0,3.66,48.9,15.8,1004.1,7
2019-10-14,18.5,11.4,1.25,71.6,10.8,1030.3,10
2019-10-15,25.9,21.9,0.86,65.2,18.0,1016.8,8
2019-10-16,22.8,13.6,4.9,79.4,11.2,1014.1,6
2019-10-17,13.8,8.3,9.15,68.8,14.5,1010.5,0
2019-10-18,17.9,11.6,0.02,73.1,22.2,1015.9,5
2019-10-19,15.1,11.1,8.95,45.6,11.7,1015.8,7
2019-10-20,14.1,14.8,0.94,98.3,7.1,1015.9,4
2019-10-21,28.5,22.1,7.57,67.5,9.7,1014.1,11
2019-10-22,23.6,9.3,5.69,80.5,20.0,1021.7,1
2019-10-23,13.1,3.7,5.14,57.5,16.3,1013.2,4
2019-10-24,29.0,22.1,1.6,74.6,14.4,1003.2,7
2019-10-25,23.1,16.9,3.4,50.5,12.5,1006.9,1
2019-10-26,28.1,21.1,5.58,76.8,17.4,993.2,0
2019-10-27,26.3,17.7,1.17,64.7,10.8,1033.3,3
2019-10-28,11.7,8.3,13.92,70.4,16.5,1021.6,3
2019-10-29,14.4,4.1,5.85,80.5,11.3,1004.7,8
2019-10-30,27.5,18.3,0.1,51.5,10.5,1010.2,2
2019-10-31,26.1,16.9,0.06,59.7,11.8,1006.6,3
2019-11-01,19.8,11.5,2.54,76.9,13.1,1028.4,2
2019-11-02,21.2,14.1,1.8,100.0,14.8,998.8,1
2019-11-03,32.8,23.8,8.58,67.9,16.2,1014.1,3
2019-11-04,14.1,5.3,3.93,78.9,0.0,1011.9,7
2019-11-05,25.5,19.5,0.66,68.4,11.0,1021.3,0
2019-11-06,18.0,12.7,12.45,99.1,13.0,1012.0,7
2019-11-07,17.8,10.5,3.25,43.8,22.5,995.4,7
2019-11-08,31.0,19.3,6.84,71.4,9.6,1010.5,2
2019-11-09,28.3,25.0,0.04,45.6,15.8,1003.3,9
2019-11-10,28.1,25.5,4.82,32.4,22.5,1013.8,9
2019-11-11,33.1,25.6,4.56,74.5,8.4,1027.3,11
2019-11-12,20.2,13.1,6.45,72.1,17.0,995.6,11
2019-11-13,26.8,19.3,13.08,65.7,11.0,1005.0,5
2019-11-14,16.9,9.2,9.45,68.4,12.5,1007.5,3
2019-11-15,23.2,16.9,1.01,100.0,11.0,1009.2,0
2019-11-16,18.7,7.2,2.51,66.1,11.3,1020.4,0
2019-11-17,21.0,18.8,4.74,77.7,28.6,1011.3,4
2019-11-18,26.0,21.4,3.43,60.3,19.2,1017.2,11
2019-11-19,11.8,5.1,4.78,74.4,20.5,1006.7,7
2019-11-20,40.0,30.0,3.96,66.4,17.5,1015.3,0
2019-11-21,9.9,3.5,5.53,63.8,7.0,1020.8,1
2019-11-22,7.9,-4.1,10.24,97.3,17.0,1005.7,6
2019-11-23,31.6,24.5,5.84,87.7,20.4,1020.8,7
2019-11-24,27.9,20.2,2.25,72.1,10.7,1013.5,11
2019-11-25,26.2,23.0,9.81,35.4,19.8,1023.5,2
2019-11-26,26.3,21.1,11.2,64.6,18.5,1011.0,10
2019-11-27,19.9,14.0,18.76,100.0,24.3,1016.8,11
2019-11-28,11.0,5.0,2.62,66.5,12.9,1012.6,7
2019-11-29,20.8,9.9,4.21,86.5,9.5,1012.0,0
2019-11-30,13.2,4.6,7.41,91.6,13.2,1015.6,8
2019-12-01,29.8,26.1,5.77,73.3,22.2,1018.4,11
2019-12-02,18.5,10.8,0.26,57.4,5.9,1000.5,1
2019-12-03,11.7,3.3,12.62,33.5,4.7,1027.3,1
2019-12-04,16.8,6.4,0.87,80.3,15.4,994.4,3
2019-12-05,24.1,12.4,5.45,57.8,12.8,1006.2,11
2019-12-06,14.4,10.4,0.64,72.6,15.0,1012.1,9
2019-12-07,11.8,7.2,6.88,51.3,19.7,1017.1,2
2019-12-08,22.4,19.2,6.76,66.0,12.2,1028.8,3
2019-12-09,22.4,16.2,7.33,70.5,5.6,994.4,5
2019-12-10,14.9,6.5,3.14,74.0,25.2,1007.9,6
2019-12-11,15.3,5.3,7.39,53.3,10.0,991.7,4
2019-12-12,22.3,15.5,1.4,88.0,9.7,1013.3,1
2019-12-13,5.5,-0.5,11.22,61.0,20.5,1015.7,2
2019-12-14,5.9,-1.5,4.8,44.9,13.1,1028.9,9
2019-12-15,12.8,8.3,1.32,68.4,14.7,1014.2,10
2019-12-16,17.9,4.6,2.84,70.5,17.4,1023.4,2
2019-12-17,23.1,20.9,3.09,72.4,20.4,1018.8,4
2019-12-18,34.8,27.2,5.36,90.4,13.3,1008.6,11
2019-12-19,28.6,15.5,3.83,66.5,22.6,998.9,10
2019-12-20,18.4,11.4,5.96,68.2,4.3,1015.8,11
2019-12-21,19.8,13.4,10.52,53.5,18.8,998.1,4
2019-12-22,10.0,4.0,0.15,82.3,10.8,1026.0,3
2019-12-23,19.8,13.4,0.56,72.8,21.9,1011.4,7
2019-12-24,17.1,6.0,6.17,63.7,15.7,1025.0,5
2019-12-25,23.2,22.9,3.11,41.4,11.6,1008.2,5
2019-12-26,11.7,0.1,4.03,91.7,18.3,1015.7,0
2019-12-27,25.2,22.5,1.92,51.6,19.5,1015.1,5
2019-12-28,35.3,29.1,3.99,61.1,18.2,1012.5,2
2019-12-29,18.9,13.2,2.6,75.4,9.9,1008.7,5
2019-12-30,24.0,15.3,0.1,52.1,12.6,1016.9,9
2019-12-31,26.9,24.7,0.6,47.6,15.0,1003.7,10
2020-01-01,16.0,7.6,6.48,38.1,14.8,1000.9,5
2020-01-02,22.2,9.2,0.41,80.8,18.7,1025.4,1
2020-01-03,20.1,17.2,2.56,61.8,4.9,1020.3,0
2020-01-04,21.0,13.4,13.85,100.0,16.7,1013.7,10
2020-01-05,12.3,7.3,4.12,55.1,13.6,1029.7,2
2020-01-06,20.2,12.0,6.26,56.2,10.8,1010.3,4
2020-01-07,25.0,17.9,6.92,61.5,11.3,1026.2,3
2020-01-08,34.5,29.4,0.39,73.6,13.9,1014.8,6
2020-01-09,29.6,21.1,1.41,62.9,0.0,1002.8,3
2020-01-10,40.0,27.6,0.91,79.2,11.5,1031.5,7
2020-01-11,12.3,5.9,1.7,55.3,10.6,1022.9,6
2020-01-12,28.7,19.6,10.99,49.3,17.7,1011.8,9
2020-01-13,21.8,18.7,7.01,43.0,11.0,1020.3,8
2020-01-14,40.0,30.0,7.31,36.6,13.9,1009.0,0
2020-01-15,11.9,3.5,4.08,62.2,22.7,1021.3,4
2020-01-16,11.6,0.2,2.76,65.5,20.0,989.1,3
2020-01-17,14.0,5.9,11.2,60.5,19.5,1002.8,5
2020-01-18,-1.2,-7.3,1.05,88.7,12.5,1022.8,0
2020-01-19,14.7,7.7,7.78,88.4,17.7,1010.5,5
2020-01-20,12.4,9.2,5.58,65.0,13.8,1015.1,0
2020-01-21,21.5,12.7,1.89,43.1,14.0,999.5,0
2020-01-22,23.4,13.8,2.89,61.5,17.0,1031.5,7
2020-01-23,38.8,30.0,0.44,61.0,12.0,1024.9,1
2020-01-24,29.5,23.9,4.02,60.1,22.5,1011.0,9
2020-01-25,14.2,6.4,6.83,59.5,14.2,1009.0,5
2020-01-26,11.0,5.3,5.08,60.2,18.1,1023.3,5
2020-01-27,24.9,18.1,4.5,64.2,22.3,1032.8,5
2020-01-28,6.8,-6.5,7.66,60.5,20.2,1022.5,7
2020-01-29,38.3,30.0,0.92,73.1,8.0,1034.7,3
2020-01-30,31.8,25.9,6.5,75.4,17.2,1003.8,2
2020-01-31,15.3,10.3,17.07,56.3,19.3,1004.8,5
2020-02-01,2.9,-6.4,2.48,89.1,19.5,1001.1,3
2020-02-02,33.5,27.1,4.97,55.3,9.4,1017.4,1
2020-02-03,18.9,13.8,0.69,45.7,11.7,1014.8,5
2020-02-04,32.4,21.4,3.91,75.7,20.0,1011.5,9
2020-02-05,4.1,-7.2,5.3,57.7,11.2,1021.1,4
2020-02-06,14.0,8.8,3.97,74.8,13.5,1025.3,10
2020-02-07,20.1,18.7,2.1,33.9,22.9,997.7,8
2020-02-08,20.5,10.4,4.03,90.9,14.8,1007.0,10
2020-02-09,15.5,10.6,10.31,80.1,11.4,1021.2,5
2020-02-10,26.2,16.9,5.24,47.5,10.6,1008.3,2
2020-02-11,9.3,8.2,7.81,47.8,16.7,1005.0,10
2020-02-12,18.6,8.9,1.81,95.1,8.3,1023.2,4
2020-02-13,21.2,17.8,6.75,58.9,13.8,1000.1,9
2020-02-14,25.1,16.0,4.4,57.5,16.7,1010.0,7
2020-02-15,27.1,20.1,1.75,36.0,21.5,1016.3,8
2020-02-16,8.8,4.6,4.59,64.7,18.3,1007.3,7
2020-02-17,4.7,-1.1,1.96,66.6,11.4,1020.8,2
2020-02-18,32.8,23.7,0.16,80.7,20.9,1007.3,8
2020-02-19,23.3,16.0,3.95,49.0,13.5,1027.1,2
2020-02-20,12.5,3.8,4.49,47.2,8.8,1011.7,7
2020-02-21,35.5,22.6,2.95,76.8,14.1,1019.7,9
2020-02-22,21.2,18.8,8.27,85.1,22.2,1020.5,8
2020-02-23,31.8,19.9,5.86,46.4,15.8,1006.7,6
2020-02-24,20.7,13.4,0.52,86.2,15.1,992.5,3
2020-02-25,40.0,30.0,4.69,70.6,23.2,1016.6,9
2020-02-26,37.6,30.0,2.28,86.4,7.8,1013.7,8
2020-02-27,17.5,11.1,0.77,68.9,8.6,1018.6,2
2020-02-28,29.7,20.0,3.57,32.2,6.9,1010.7,2
2020-02-29,26.5,19.8,1.18,67.7,16.9,1008.7,1
2020-03-01,33.7,22.2,7.04,85.9,15.8,1033.1,9
2020-03-02,10.4,7.7,1.06,56.6,22.7,998.3,2
2020-03-03,26.9,19.9,1.47,64.2,16.2,1020.3,0
2020-03-04,30.6,27.3,6.17,67.4,13.0,1007.3,3
2020-03-05,2.4,-5.7,0.49,26.5,15.0,1009.6,7
2020-03-06,8.2,-1.5,11.39,95.1,15.6,1009.8,4
2020-03-07,-0.4,-6.1,6.56,56.5,6.6,1005.0,1
2020-03-08,17.3,18.1,9.56,77.6,28.6,1018.7,2
2020-03-09,27.2,19.6,1.88,68.7,17.6,1026.9,0
2020-03-10,35.0,26.7,7.3,88.9,16.1,1017.7,1
2020-03-11,20.7,12.5,3.4,76.1,18.1,1014.0,0
2020-03-12,36.3,25.6,8.7,66.5,18.5,1003.1,1
2020-03-13,6.2,2.4,1.06,56.6,14.3,1018.2,2
2020-03-14,3.0,-6.1,2.49,82.0,11.8,1034.6,0
2020-03-15,19.4,8.9,10.1,41.9,18.0,1009.2,10
2020-03-16,23.8,22.2,2.43,79.7,16.9,1009.2,8
2020-03-17,19.7,11.7,4.11,53.5,11.0,1007.4,9
2020-03-18,-0.7,-6.2,9.17,88.8,22.1,1008.1,4
2020-03-19,19.1,12.4,2.16,72.4,16.5,985.5,7
2020-03-20,7.0,-1.1,5.98,79.7,18.6,1017.1,4
2020-03-21,26.7,21.2,0.05,71.2,22.0,1004.5,7
2020-03-22,23.7,18.7,2.34,43.7,15.1,996.9,6
2020-03-23,10.6,3.5,3.36,57.1,16.6,1020.5,11
2020-03-24,14.9,11.1,4.5,80.1,19.1,1002.2,3
2020-03-25,9.4,5.7,0.89,72.5,11.4,1009.6,6
2020-03-26,19.4,10.3,9.76,87.7,15.3,1027.7,5
2020-03-27,29.6,26.0,7.43,76.0,15.6,998.9,2
2020-03-28,10.1,1.1,2.69,55.5,10.2,997.7,8
2020-03-29,25.0,16.7,4.22,58.1,26.6,1015.7,11
2020-03-30,14.7,12.9,1.53,71.5,8.0,1024.5,9
2020-03-31,12.1,7.1,9.78,35.3,8.5,997.3,8
2020-04-01,18.9,8.3,2.0,95.1,21.6,1017.1,4
2020-04-02,9.6,5.6,4.16,76.6,18.6,1018.8,7
2020-04-03,14.5,8.9,8.73,88.4,9.9,992.4,6
2020-04-04,8.0,-0.4,0.89,46.3,18.0,1021.0,8
2020-04-05,39.6,30.0,10.79,88.7,22.3,1021.8,6
2020-04-06,20.4,14.1,4.65,100.0,14.8,1009.9,3
2020-04-07,13.0,7.8,11.15,50.2,28.0,1025.5,3
2020-04-08,22.1,10.9,1.14,81.6,6.4,1024.4,10
2020-04-09,18.9,6.7,1.79,70.0,18.5,1014.0,7
2020-04-10,17.8,7.9,6.45,46.8,20.8,1008.5,5
2020-04-11,26.1,18.9,0.73,77.4,19.5,1003.3,8
2020-04-12,27.6,23.0,2.2,82.5,14.0,1012.6,9
2020-04-13,14.7,10.2,0.04,61.0,13.5,1018.7,6
2020-04-14,14.2,5.7,2.31,87.5,17.2,1009.8,6
2020-04-15,17.2,9.0,7.79,45.0,19.1,991.0,3
2020-04-16,-3.0,-14.2,4.04,47.6,18.0,1025.7,2
2020-04-17,4.8,-4.1,4.54,72.0,20.2,1014.9,7
2020-04-18,33.7,30.0,2.48,70.4,9.9,1009.2,6
2020-04-19,36.4,26.3,1.4,59.3,13.9,1021.6,3
2020-04-20,17.5,13.5,11.99,82.1,10.3,1028.2,3
2020-04-21,25.8,19.9,0.68,78.0,13.1,985.0,0
2020-04-22,23.1,15.4,11.28,82.9,20.1,1017.3,10
2020-04-23,40.0,27.0,1.78,68.2,15.5,998.7,6
2020-04-24,31.2,14.9,3.01,79.0,28.0,1018.0,0
2020-04-25,18.7,9.9,8.35,63.3,16.0,1014.3,9
2020-04-26,10.4,4.0,9.36,100.0,15.3,1019.4,9
2020-04-27,3.9,-4.7,2.45,57.8,15.5,1008.0,3
2020-04-28,22.0,12.4,1.06,100.0,11.8,994.3,10
2020-04-29,12.4,6.4,2.72,70.5,14.7,1008.5,2
2020-04-30,5.8,-6.6,4.69,49.4,20.6,1017.1,10
2020-05-01,13.5,5.8,7.46,90.5,15.6,1023.2,2
2020-05-02,9.2,0.7,3.02,71.9,11.0,1001.3,11
2020-05-03,36.9,27.9,6.09,82.8,10.4,1023.3,0
2020-05-04,28.8,20.6,11.19,88.4,12.7,1006.5,3
2020-05-05,19.9,10.4,4.91,75.1,15.4,1016.6,0
2020-05-06,34.8,29.7,4.56,61.1,21.0,1007.9,7
2020-05-07,20.8,15.4,4.59,84.6,8.3,1014.8,0
2020-05-08,11.4,7.7,10.15,70.0,13.4,1021.9,11
2020-05-09,35.2,26.9,4.94,80.3,15.7,1000.7,5
2020-05-10,25.4,16.1,2.53,37.7,5.8,1006.2,6
2020-05-11,9.6,1.3,0.43,76.7,10.8,1014.8,9
2020-05-12,18.1,6.1,4.22,60.4,11.6,1037.0,11
2020-05-13,11.2,4.3,2.7,94.8,11.0,1004.4,1
2020-05-14,6.2,-2.8,8.64,79.3,16.0,1033.4,3
2020-05-15,29.3,25.5,3.43,73.6,14.2,1033.0,10
2020-05-16,39.1,30.0,0.73,77.3,12.2,1012.0,2
2020-05-17,6.0,-3.1,7.95,55.0,17.1,1010.0,8
2020-05-18,25.6,16.1,1.91,94.3,23.6,1006.1,6
2020-05-19,13.5,7.4,5.63,99.9,23.2,1012.3,1
2020-05-20,15.1,8.3,0.61,75.9,5.4,998.9,10
2020-05-21,14.1,11.6,0.25,93.9,17.9,1012.2,11
2020-05-22,11.4,5.4,3.42,61.5,14.1,1028.0,5
2020-05-23,20.5,10.8,3.06,58.0,15.8,1006.9,8
2020-05-24,11.7,3.0,5.4,70.6,13.0,1010.6,11
2020-05-25,22.7,14.2,1.66,76.5,15.6,996.0,2
2020-05-26,19.5,12.3,6.18,64.1,15.8,1016.7,10
2020-05-27,17.6,10.6,0.84,78.1,12.1,1015.6,5
2020-05-28,10.9,5.9,6.97,74.6,10.5,1013.6,2
2020-05-29,14.2,5.1,1.51,55.0,12.8,1010.8,2
2020-05-30,27.6,19.3,1.77,77.8,16.2,1010.1,3
2020-05-31,25.0,16.5,7.93,83.0,18.0,1018.0,8
2020-06-01,10.2,4.8,0.56,72.6,19.3,1012.7,10
2020-06-02,21.0,20.5,4.71,87.3,12.5,1016.1,7
2020-06-03,27.5,17.2,2.2,51.7,16.4,1015.1,0
2020-06-04,3.3,-2.3,0.58,77.0,19.8,1024.2,11
2020-06-05,25.4,21.0,1.83,52.4,20.8,1019.8,10
2020-06-06,13.4,4.3,2.12,53.3,14.7,1014.9,0
2020-06-07,25.7,19.9,5.46,60.5,13.9,1028.2,6
2020-06-08,12.4,2.2,2.95,55.9,16.0,1017.2,2
2020-06-09,2.0,-6.9,4.53,61.8,9.3,1026.0,10
2020-06-10,3.7,-5.3,12.07,66.8,14.0,1019.1,6
2020-06-11,20.5,17.6,1.29,82.6,18.7,994.6,8
2020-06-12,22.6,12.0,4.39,65.2,18.2,1026.0,2
2020-06-13,11.0,3.2,0.45,46.2,13.6,1014.4,2
2020-06-14,26.4,20.5,1.23,87.1,16.1,1012.5,1
2020-06-15,3.4,-4.0,0.08,57.4,10.9,1015.8,9
2020-06-16,19.3,17.7,0.61,69.1,18.5,1009.6,0
2020-06-17,7.9,-0.3,4.8,76.7,14.6,1015.3,8
2020-06-18,13.5,9.6,14.75,73.0,13.6,1007.1,5
2020-06-19,20.5,17.5,0.58,86.4,13.2,1025.7,5
2020-06-20,11.4,9.0,0.92,77.2,14.7,1011.9,7
2020-06-21,16.2,5.8,2.68,57.1,12.8,1009.2,10
2020-06-22,30.1,25.0,4.98,100.0,18.3,1003.8,4
2020-06-23,14.2,2.6,4.32,72.9,13.0,1015.7,8
2020-06-24,28.4,23.0,9.42,67.8,23.0,1014.9,10
2020-06-25,8.7,6.8,9.13,84.5,22.3,1016.9,4
2020-06-26,25.3,21.6,8.93,73.7,10.5,1002.7,1
2020-06-27,34.4,23.7,0.52,76.0,15.3,997.0,5
2020-06-28,-4.7,-11.2,8.49,100.0,11.7,1019.3,8
2020-06-29,12.0,6.7,4.83,65.9,13.4,1027.8,2
2020-06-30,25.8,18.3,12.04,65.2,25.0,1002.7,9
2020-07-01,18.0,9.5,5.86,71.7,13.5,1028.9,3
2020-07-02,23.7,13.4,4.22,86.1,16.8,1015.8,9
2020-07-03,14.0,2.6,2.45,47.4,17.7,1012.9,10
2020-07-04,20.9,14.9,1.93,40.5,10.0,1009.0,7
2020-07-05,18.4,15.4,1.85,61.2,10.7,999.2,5
2020-07-06,31.7,25.9,3.55,45.5,9.0,1022.9,6
2020-07-07,22.5,14.8,0.13,63.6,10.6,1005.2,6
2020-07-08,23.4,19.3,5.47,77.5,0.7,1005.2,3
2020-07-09,15.9,11.8,11.27,56.6,17.7,1022.9,11
2020-07-10,15.1,7.1,1.28,48.6,25.3,994.2,5
2020-07-11,15.7,8.8,2.63,71.0,15.7,997.8,11
2020-07-12,23.9,16.8,1.72,82.9,7.9,1012.8,8
2020-07-13,15.8,11.1,0.31,44.6,11.8,1015.9,2
2020-07-14,22.9,16.6,6.99,82.3,12.7,1017.8,7
2020-07-15,40.0,30.0,6.3,82.3,9.9,1010.0,6
2020-07-16,28.7,19.0,3.23,84.3,19.3,1038.3,3
2020-07-17,16.7,6.6,5.79,88.3,19.1,1010.7,9
2020-07-18,32.0,30.0,12.28,100.0,9.2,1010.7,2
2020-07-19,15.9,11.7,0.59,64.7,18.6,1005.0,6
2020-07-20,-0.4,-2.9,4.62,71.6,22.6,1014.2,9
2020-07-21,9.9,4.9,6.02,63.8,24.5,1019.1,8
2020-07-22,1.3,-5.5,8.96,70.0,29.3,1025.0,11
2020-07-23,16.5,13.8,7.22,93.0,10.5,998.1,9
2020-07-24,20.2,15.9,2.97,49.8,29.1,1010.5,2
2020-07-25,36.8,30.0,8.89,57.1,13.2,1017.5,9
2020-07-26,23.3,15.6,3.87,90.7,12.0,1018.9,8
2020-07-27,17.8,10.6,5.6,85.3,16.6,1013.1,7
2020-07-28,28.3,23.5,12.34,64.6,12.1,1018.4,11
2020-07-29,-2.1,-9.6,5.1,82.8,17.0,1004.9,2
2020-07-30,22.4,17.0,4.38,75.1,8.4,1028.6,7
2020-07-31,27.7,21.5,3.04,92.5,13.8,1022.9,11
2020-08-01,5.2,-6.8,4.85,71.1,21.4,999.6,3
2020-08-02,31.4,20.4,9.78,85.4,14.7,1002.2,5
2020-08-03,23.4,20.3,0.05,100.0,15.7,1002.5,11
2020-08-04,15.8,6.4,5.52,79.0,17.4,1019.8,9
2020-08-05,26.3,16.9,4.82,70.7,20.9,1000.2,1
2020-08-06,40.0,30.0,2.9,80.8,6.7,1009.7,7
2020-08-07,21.8,12.4,10.18,64.5,17.9,1017.5,8
2020-08-08,22.5,10.9,1.26,100.0,13.7,1012.3,6
2020-08-09,15.4,11.8,10.27,72.7,15.8,1015.6,7
2020-08-10,11.5,7.3,2.61,65.9,20.3,1002.3,6
2020-08-11,28.3,18.3,6.21,57.5,9.0,1018.9,10
2020-08-12,11.4,3.6,7.46,86.5,9.9,1006.9,9
2020-08-13,20.7,12.1,0.05,83.0,5.3,1009.8,3
2020-08-14,15.2,7.2,6.49,62.5,12.3,1015.4,0
2020-08-15,24.8,16.6,3.13,78.6,21.7,1014.0,2
2020-08-16,23.3,20.3,4.72,47.4,14.4,1013.2,6
2020-08-17,30.4,20.2,3.82,72.8,8.3,1005.5,10
2020-08-18,14.9,4.4,13.98,76.8,12.6,1010.0,10
2020-08-19,17.3,11.0,5.46,95.6,7.6,1013.0,6
2020-08-20,10.2,3.3,2.71,58.4,9.4,999.2,10
2020-08-21,15.6,13.2,8.38,50.8,16.9,1008.4,2
2020-08-22,23.8,15.2,4.05,56.6,9.1,1016.9,0
2020-08-23,27.6,18.9,4.05,50.0,20.6,1000.2,9
2020-08-24,10.8,4.0,2.46,90.0,14.6,1024.6,8
2020-08-25,28.7,18.3,4.17,93.2,15.4,1025.7,11
2020-08-26,33.6,27.6,8.18,74.8,13.6,1000.5,5
2020-08-27,24.1,15.4,1.18,88.3,18.9,1026.6,11
2020-08-28,38.8,30.0,10.12,72.0,18.9,1011.6,6
2020-08-29,12.3,5.3,2.54,68.6,16.7,1017.2,0
2020-08-30,7.6,1.1,1.44,65.0,17.8,1008.0,0
2020-08-31,2.2,-5.5,7.99,65.3,13.9,1022.2,3
2020-09-01,35.0,29.1,1.57,46.8,17.7,1017.1,6
2020-09-02,26.5,19.9,6.8,74.0,13.3,1004.9,10
2020-09-03,19.4,10.0,1.54,69.4,15.0,1001.3,10
2020-09-04,22.8,17.1,2.7,81.2,13.6,998.4,7
2020-09-05,8.7,6.6,5.47,71.4,12.7,1014.9,9
2020-09-06,40.0,27.8,4.45,67.6,11.6,1018.7,8
2020-09-07,21.3,10.1,6.98,56.9,17.3,1019.5,0
2020-09-08,21.1,18.0,2.61,71.1,21.6,1011.8,3
2020-09-09,27.3,18.2,7.65,81.1,20.9,1001.4,3
2020-09-10,24.8,19.3,2.34,52.8,8.7,1006.2,2
2020-09-11,22.2,14.4,0.38,71.3,21.4,1024.5,6
2020-09-12,12.1,4.2,3.79,73.5,13.4,1008.2,0
2020-09-13,24.7,18.4,2.4,59.2,18.0,1014.4,8
2020-09-14,38.8,30.0,7.11,61.2,10.5,1002.2,7
2020-09-15,33.5,28.5,2.49,73.5,15.7,1016.4,1
2020-09-16,35.9,30.0,0.01,53.0,16.6,1008.4,1
2020-09-17,14.9,10.4,1.83,75.2,7.6,1023.5,7
2020-09-18,10.1,3.3,2.66,56.6,18.0,1020.7,10
2020-09-19,18.7,13.9,4.82,85.9,21.7,1008.0,0
2020-09-20,20.6,11.5,13.47,100.0,14.1,1011.7,6
2020-09-21,30.9,19.5,4.56,57.1,21.8,1007.5,8
2020-09-22,3.1,-2.2,8.8,78.0,14.1,998.8,11
2020-09-23,35.3,27.6,7.87,59.1,19.2,1004.4,2
2020-09-24,18.4,9.9,0.9,85.6,3.9,1015.0,6
2020-09-25,15.7,7.3,4.02,51.0,27.1,1016.3,5
2020-09-26,9.9,2.7,0.71,77.2,22.5,1014.5,6
2020-09-27,3.5,-5.8,3.93,56.9,13.6,1010.0,6
2020-09-28,28.2,19.8,10.55,66.9,5.1,1022.3,9
2020-09-29,20.7,17.4,6.03,54.5,16.4,1013.6,0
2020-09-30,7.1,-2.5,5.54,82.3,7.8,1020.0,2
2020-10-01,7.0,-2.6,0.85,57.4,17.2,995.3,9
2020-10-02,16.6,11.9,4.42,78.3,17.1,980.0,0
2020-10-03,36.7,29.6,1.96,64.8,10.3,1015.8,4
2020-10-04,17.4,8.4,9.03,68.3,20.6,998.8,2
2020-10-05,5.0,-1.4,4.64,72.2,19.0,1010.9,0
2020-10-06,17.5,7.3,2.28,58.6,19.9,1010.0,1
2020-10-07,17.3,3.2,3.63,73.2,15.0,1028.9,9
2020-10-08,-7.0,-11.6,1.92,93.0,7.9,1017.0,4
2020-10-09,19.5,16.6,0.96,58.3,19.9,1014.7,10
2020-10-10,17.7,9.8,0.88,87.6,13.6,1021.4,2
2020-10-11,27.0,17.8,3.83,92.5,8.1,1016.7,5
2020-10-12,38.5,30.0,1.87,57.8,21.8,1008.4,8
2020-10-13,31.3,19.9,6.52,48.2,25.5,1023.7,5
2020-10-14,17.3,14.3,3.54,74.5,14.8,1001.9,1
2020-10-15,8.9,-0.1,4.99,61.8,25.8,1016.2,1
2020-10-16,40.0,30.0,0.15,98.0,15.5,997.5,7
2020-10-17,20.6,8.4,6.66,70.5,13.1,1015.0,10
2020-10-18,20.1,7.2,2.02,58.0,11.8,1014.9,7
2020-10-19,19.8,15.1,0.68,52.8,23.2,1029.8,5
2020-10-20,22.0,16.6,3.22,86.3,11.1,997.4,9
2020-10-21,18.6,9.0,5.73,61.4,18.7,1007.0,6
2020-10-22,14.3,8.4,5.47,70.7,12.2,1021.2,0
2020-10-23,14.5,7.7,4.92,84.3,12.7,1016.4,11
2020-10-24,19.7,12.6,0.95,62.7,20.2,1014.8,8
2020-10-25,14.6,13.3,8.03,69.3,13.1,1003.4,4
2020-10-26,12.9,5.9,2.64,69.8,13.0,1007.1,8
2020-10-27,21.1,16.1,8.64,80.2,20.7,1025.5,1
2020-10-28,17.5,11.9,3.77,78.9,23.0,1012.5,7
2020-10-29,35.0,23.7,1.32,66.7,18.2,1016.8,6
2020-10-30,-6.5,-9.7,2.9,71.0,11.7,1011.8,10
2020-10-31,30.9,21.5,2.46,64.4,12.4,1001.2,3
2020-11-01,32.5,26.3,9.1,47.8,15.4,1022.3,2
2020-11-02,-0.7,-6.9,2.38,73.9,16.6,1018.0,3
2020-11-03,16.6,7.2,0.81,98.4,10.1,1036.1,3
2020-11-04,16.3,8.3,8.18,56.7,18.6,1002.8,9
2020-11-05,5.9,-2.8,0.02,58.4,15.4,1021.2,9
2020-11-06,12.2,2.3,7.5,56.9,6.4,999.9,7
2020-11-07,8.9,2.9,11.5,80.9,10.4,1014.6,3
2020-11-08,37.5,30.0,0.99,76.7,12.5,1022.8,4
2020-11-09,29.4,25.6,6.41,67.6,14.6,992.3,1
2020-11-10,32.7,28.2,2.77,56.2,24.4,1011.0,3
2020-11-11,27.2,11.4,6.77,71.4,16.2,1007.4,6
2020-11-12,8.7,-2.0,4.0,46.5,10.8,1006.0,2
2020-11-13,14.8,11.8,5.37,72.2,16.1,1016.9,0
2020-11-14,24.9,21.9,0.23,83.1,13.2,1024.2,7
2020-11-15,7.8,-0.7,5.31,51.2,16.6,1011.7,7
2020-11-16,27.1,18.5,5.52,47.0,17.9,1015.1,5
2020-11-17,17.6,9.0,7.32,93.7,21.0,1014.1,6
2020-11-18,16.3,10.0,1.41,60.8,14.9,1013.0,9
2020-11-19,27.1,20.5,7.71,87.0,23.2,1002.1,10
2020-11-20,24.4,16.5,3.96,67.7,19.5,1024.1,1
2020-11-21,16.4,9.1,12.74,67.6,11.5,1016.0,4
2020-11-22,31.6,30.0,8.13,76.6,26.0,1016.9,11
2020-11-23,9.2,2.9,0.27,56.7,16.6,1004.9,6
2020-11-24,26.2,21.7,3.14,72.0,10.8,1008.4,8
2020-11-25,25.9,18.4,2.76,64.3,23.3,1011.2,0
2020-11-26,16.9,0.9,4.91,50.2,25.4,997.7,2
2020-11-27,23.3,15.2,1.7,75.1,14.8,996.1,5
2020-11-28,7.5,1.4,0.2,66.1,12.5,1007.0,6
2020-11-29,29.2,19.5,7.18,67.6,14.1,1018.2,5
2020-11-30,18.2,9.7,3.24,51.8,18.6,1006.5,0
2020-12-01,14.8,6.5,1.75,93.9,21.4,1002.8,3
2020-12-02,30.5,21.7,5.36,83.2,17.9,1004.9,5
2020-12-03,13.0,-0.2,5.02,84.5,15.5,1008.4,7
2020-12-04,5.9,2.3,6.58,65.4,22.5,1009.5,9
2020-12-05,4.4,-4.0,4.14,44.1,13.4,1034.7,3
2020-12-06,26.1,21.8,1.38,99.3,20.2,1023.5,6
2020-12-07,7.2,-1.5,5.96,69.1,13.6,1023.2,10
2020-12-08,37.5,30.0,6.4,58.8,17.2,1024.7,2
2020-12-09,-0.8,-6.6,4.54,76.3,14.4,1003.0,7
2020-12-10,37.0,30.0,1.12,87.5,14.7,1000.8,0
2020-12-11,22.1,12.2,4.38,69.7,13.1,1001.9,3
2020-12-12,19.0,9.3,8.98,89.2,21.7,1026.3,7
2020-12-13,14.6,11.3,0.02,86.2,11.3,1007.5,9
2020-12-14,24.0,16.8,13.49,53.9,11.3,1000.5,3
2020-12-15,19.6,14.8,0.37,59.9,25.6,1008.7,1
2020-12-16,31.0,27.8,3.16,84.4,19.9,1010.6,1
2020-12-17,21.1,14.8,0.36,29.3,3.1,1015.7,3
2020-12-18,21.5,15.4,4.12,67.8,12.2,1015.5,3
2020-12-19,16.4,2.1,5.71,48.5,5.9,1004.7,1
2020-12-20,19.4,11.1,0.27,62.9,10.2,1019.9,6
2020-12-21,23.1,20.2,2.46,65.5,0.0,1006.6,5
2020-12-22,2.9,-2.4,3.68,64.6,14.3,1011.4,10
2020-12-23,6.5,-3.5,7.97,61.7,9.3,1019.9,2
2020-12-24,27.4,14.2,6.23,53.5,15.3,1006.6,7
2020-12-25,21.7,19.5,8.86,100.0,6.9,1007.3,7
2020-12-26,18.2,16.8,13.21,98.0,15.4,1018.9,0
2020-12-27,20.2,7.6,4.48,52.6,12.9,1004.4,2
2020-12-28,23.5,15.3,0.88,93.7,22.5,1009.2,4
2020-12-29,14.6,10.2,3.79,64.0,22.1,1018.6,1
2020-12-30,12.2,3.6,3.88,71.9,18.9,1033.5,11
2020-12-31,22.0,22.9,0.33,69.1,13.4,1019.1,11
2021-01-01,10.2,3.2,3.99,60.1,24.9,1017.7,4
2021-01-02,24.1,16.1,0.04,84.8,7.2,1018.3,10
2021-01-03,3.0,-6.8,0.98,71.9,8.0,1002.3,9
2021-01-04,30.3,26.3,0.43,62.9,14.6,1014.2,2
2021-01-05,24.7,17.5,4.16,50.4,26.3,1012.7,8
2021-01-06,22.6,18.3,3.73,56.6,14.0,1016.2,10
2021-01-07,29.8,22.1,5.93,45.4,14.1,1014.2,0
2021-01-08,36.7,30.0,5.57,70.2,7.8,1016.8,3
2021-01-09,30.1,24.4,7.1,52.1,19.7,1009.9,9
2021-01-10,1.6,-2.4,4.62,66.0,19.8,1013.6,5
2021-01-11,7.2,-1.7,0.34,90.6,18.9,1000.7,8
2021-01-12,13.8,4.2,7.2,88.0,11.9,1009.8,2
2021-01-13,20.3,14.0,3.79,69.5,11.5,1026.9,2
2021-01-14,25.2,18.1,1.5,68.7,8.5,1016.2,11
2021-01-15,12.7,10.1,1.82,98.2,15.4,1012.8,4
2021-01-16,21.9,15.8,8.4,77.8,9.6,1032.0,6
2021-01-17,12.4,5.6,7.71,65.1,9.1,999.4,4
2021-01-18,13.9,-1.0,5.44,48.6,12.9,1001.9,10
2021-01-19,5.9,2.3,8.36,75.9,12.6,1030.1,7
2021-01-20,10.8,-0.6,1.4,82.4,12.3,1013.5,4
2021-01-21,6.5,-3.5,4.74,60.5,17.3,1010.6,6
2021-01-22,10.2,2.4,2.37,74.4,15.4,1001.0,5
2021-01-23,30.5,18.3,7.23,64.5,13.6,1017.5,9
2021-01-24,10.5,2.4,2.42,67.2,15.9,1018.4,1
2021-01-25,40.0,30.0,1.08,32.7,10.0,1002.1,2
2021-01-26,24.9,18.1,5.7,66.7,15.5,1011.6,10
2021-01-27,21.8,11.2,7.38,84.5,15.8,1009.6,10
2021-01-28,11.4,1.1,0.34,60.5,7.5,1015.6,3
2021-01-29,27.0,21.9,2.69,70.8,20.0,1001.8,4
2021-01-30,14.2,11.2,2.29,58.7,10.6,1025.5,8
2021-01-31,21.2,14.8,9.49,75.4,15.5,1022.2,5
2021-02-01,40.0,30.0,4.0,66.8,20.8,1009.4,0
2021-02-02,19.0,12.2,6.04,55.9,19.6,1010.8,2
2021-02-03,31.5,20.8,4.31,90.0,15.2,1011.6,6
2021-02-04,13.0,7.3,6.75,83.9,13.2,1005.2,7
2021-02-05,19.7,12.8,1.25,60.9,19.7,1008.6,6
2021-02-06,37.7,30.0,8.09,77.5,18.4,1010.3,4
2021-02-07,13.7,4.2,9.85,78.1,11.9,1029.1,9
2021-02-08,38.1,30.0,2.43,79.6,11.0,1022.5,7
2021-02-09,27.1,21.9,9.28,44.6,4.6,1022.3,8
2021-02-10,14.4,6.7,7.73,85.1,15.8,1016.7,6
2021-02-11,26.3,15.7,1.5,61.5,14.6,1001.8,10
2021-02-12,29.7,24.2,2.66,64.6,20.7,1012.6,8
2021-02-13,26.2,24.8,4.75,100.0,16.8,1022.7,0
2021-02-14,4.3,-4.6,1.22,74.5,21.7,1000.4,8
2021-02-15,12.7,7.6,3.51,64.2,11.5,1019.4,2
2021-02-16,17.5,14.1,0.59,36.9,20.7,1036.2,5
2021-02-17,19.3,14.1,5.91,90.8,12.4,1023.6,7
2021-02-18,26.2,19.8,8.15,49.8,18.9,1027.1,2
2021-02-19,21.8,16.6,4.13,54.9,7.7,1015.2,3
2021-02-20,6.6,6.3,0.19,65.0,16.2,1022.7,6
2021-02-21,23.8,14.1,0.23,91.2,5.1,1005.8,11
2021-02-22,26.1,15.3,6.48,81.6,13.7,1021.0,6
2021-02-23,25.6,16.6,8.87,67.6,17.2,1019.5,3
2021-02-24,30.8,27.2,1.64,74.6,12.4,1015.9,8
2021-02-25,28.3,21.9,1.3,61.0,9.7,1026.2,2
2021-02-26,24.6,17.6,5.5,72.1,19.2,1007.6,11
2021-02-27,19.3,10.5,3.78,71.1,14.5,1011.1,7
2021-02-28,3.4,-5.6,4.12,84.5,12.6,1014.0,7
2021-03-01,24.3,19.5,5.76,84.5,15.2,1002.7,3
2021-03-02,22.1,14.8,6.4,77.4,28.2,1015.3,6
2021-03-03,22.7,14.3,6.68,64.6,20.8,995.8,3
2021-03-04,7.2,-4.1,0.81,81.1,20.8,1023.5,11
2021-03-05,9.2,0.1,1.39,68.6,17.2,1013.5,0
2021-03-06,30.5,21.2,3.5,53.8,15.8,1007.8,0
2021-03-07,19.6,12.4,5.4,64.0,3.0,1004.7,0
2021-03-08,26.8,15.6,10.48,71.3,11.6,1010.7,1
2021-03-09,20.3,12.1,0.53,83.7,12.6,1019.9,5
2021-03-10,20.3,15.9,0.51,67.2,5.6,1018.5,11
2021-03-11,29.4,18.2,8.75,51.9,9.2,1005.9,9
2021-03-12,14.8,5.7,4.48,70.9,5.1,1004.5,10
2021-03-13,21.0,15.3,9.34,71.7,14.8,1019.6,4
2021-03-14,15.4,9.8,4.44,72.8,19.1,1005.8,10
2021-03-15,15.7,7.8,2.79,83.8,20.5,1013.6,1
2021-03-16,16.9,8.5,3.67,85.3,17.1,1014.2,7
2021-03-17,22.2,14.6,4.76,61.1,10.2,1016.1,8
2021-03-18,15.2,7.3,6.31,60.8,5.3,1021.6,6
2021-03-19,32.6,20.5,8.94,54.4,6.2,1000.4,11
2021-03-20,11.1,0.8,12.25,80.5,8.7,993.9,11
2021-03-21,18.1,10.6,7.22,91.7,10.6,1007.3,8
2021-03-22,15.6,5.8,8.81,65.3,14.2,1031.0,3
2021-03-23,34.5,30.0,0.1,66.4,9.9,1033.2,6
2021-03-24,22.0,13.8,2.78,92.0,16.7,1031.3,4
2021-03-25,30.3,17.9,7.25,77.6,13.8,1011.1,4
2021-03-26,5.1,-1.2,5.09,76.5,15.1,995.2,2
2021-03-27,22.7,18.2,3.54,52.1,20.7,989.6,8
2021-03-28,28.9,23.9,4.94,80.2,9.1,1006.9,9
2021-03-29,20.8,17.1,4.62,56.1,17.1,1011.0,4
2021-03-30,30.7,26.0,9.42,53.0,14.9,1026.0,5
2021-03-31,14.8,8.9,9.47,64.8,13.3,1021.7,2
2021-04-01,34.1,30.0,5.72,61.2,19.4,1015.3,9
2021-04-02,40.0,30.0,7.23,66.7,19.4,1004.1,6
2021-04-03,16.4,6.7,5.57,48.4,10.3,1003.4,8
2021-04-04,15.5,11.3,0.69,84.4,14.1,1015.5,8
2021-04-05,34.5,23.0,6.78,86.9,16.4,1020.0,9
2021-04-06,35.8,27.3,3.97,40.8,13.6,1016.9,9
2021-04-07,14.8,4.7,8.27,84.7,17.9,1002.7,4
2021-04-08,15.8,10.8,2.97,57.8,16.4,1019.5,6
2021-04-09,17.2,7.6,4.43,82.9,24.2,1017.3,11
2021-04-10,6.6,2.8,1.23,69.0,7.3,1002.3,11
2021-04-11,10.8,1.1,5.77,70.4,14.4,1005.2,2
2021-04-12,10.0,2.4,2.83,67.2,10.5,1019.9,5
2021-04-13,12.3,3.7,4.97,88.2,18.0,1010.7,11
2021-04-14,19.7,16.2,5.1,51.4,6.9,1028.9,7
2021-04-15,22.3,18.0,0.11,79.1,16.7,1018.0,7
2021-04-16,35.5,26.7,7.41,86.5,11.8,1008.1,1
2021-04-17,10.0,5.9,3.01,80.7,11.3,1012.9,5
2021-04-18,29.8,21.5,4.98,100.0,7.8,1013.6,6
2021-04-19,17.9,15.0,1.79,62.1,12.7,1005.7,11
2021-04-20,19.5,10.0,0.05,84.4,20.4,1003.9,6
2021-04-21,26.7,23.4,0.71,68.4,14.9,1020.0,2
2021-04-22,8.8,0.1,7.28,88.5,18.1,1021.5,8
2021-04-23,23.8,14.9,11.39,69.9,23.3,1019.0,1
2021-04-24,21.7,16.8,1.03,64.2,16.3,1028.2,10
2021-04-25,24.9,16.2,8.38,89.6,12.2,1007.6,2
2021-04-26,22.9,15.1,7.85,62.6,17.3,1029.7,10
2021-04-27,40.0,30.0,2.97,48.8,12.3,1004.0,1
2021-04-28,13.6,9.6,1.79,62.2,12.5,1002.9,10
2021-04-29,14.7,13.6,3.76,79.3,7.4,995.4,8
2021-04-30,13.8,5.7,4.92,90.9,19.6,1008.5,3
2021-05-01,14.4,12.1,5.06,71.7,13.1,1008.0,1
2021-05-02,13.6,6.3,1.93,89.8,15.9,1018.3,2
2021-05-03,31.9,25.7,4.9,49.6,9.8,1015.4,3
2021-05-04,34.2,25.2,6.45,63.4,17.2,1001.1,9
2021-05-05,14.3,8.2,4.33,65.7,11.2,1009.1,5
2021-05-06,11.7,5.7,6.29,68.3,14.3,1009.3,4
2021-05-07,24.7,15.5,2.65,71.3,19.4,995.2,2
2021-05-08,14.5,6.5,2.93,80.4,19.0,1003.2,9
2021-05-09,26.3,18.4,8.29,63.3,14.9,1005.3,7
2021-05-10,22.0,13.6,0.05,72.1,6.2,1027.3,7
2021-05-11,4.8,2.4,1.68,69.3,30.0,1014.9,6
2021-05-12,35.5,26.2,2.11,56.1,23.7,1019.6,2
2021-05-13,38.0,29.1,1.56,68.3,18.6,998.0,0
2021-05-14,13.9,9.9,0.91,67.8,11.2,1024.9,4
2021-05-15,16.1,9.9,4.72,67.5,14.4,1026.0,0
2021-05-16,22.9,16.0,4.74,70.5,12.3,993.0,5
2021-05-17,23.3,16.7,1.49,71.1,21.3,1005.9,10
2021-05-18,26.6,18.6,0.56,63.5,16.3,1018.0,6
2021-05-19,40.0,28.7,8.37,89.1,11.1,1019.4,11
2021-05-20,18.2,8.0,5.48,52.5,12.6,1006.2,4
2021-05-21,12.0,9.0,13.38,59.2,20.6,1009.9,3
2021-05-22,6.2,-2.7,8.9,100.0,23.0,1007.0,1
2021-05-23,12.7,1.7,8.72,54.4,22.6,1014.1,4
2021-05-24,19.7,11.5,3.94,49.7,18.8,1025.0,8
2021-05-25,37.9,27.7,6.82,81.0,13.7,1005.3,3
2021-05-26,14.8,1.8,2.73,38.8,0.0,1023.0,1
2021-05-27,22.2,12.2,0.25,66.5,16.5,1005.2,5
2021-05-28,19.8,12.1,3.84,100.0,15.0,1004.5,7
2021-05-29,31.9,21.7,7.73,46.8,15.7,1021.2,1
2021-05-30,40.0,30.0,5.5,40.3,15.3,1022.2,8
2021-05-31,14.7,7.6,1.39,47.5,8.4,1021.5,6
2021-06-01,15.1,9.2,6.71,83.5,17.8,999.8,1
2021-06-02,30.4,18.8,0.19,86.9,18.2,1008.3,10
2021-06-03,26.8,22.3,4.08,62.3,18.4,1021.2,4
2021-06-04,38.5,26.9,1.48,80.2,19.7,1013.4,4
2021-06-05,25.8,17.3,1.91,90.9,18.0,1002.3,6
2021-06-06,16.4,13.6,6.83,96.8,12.9,1017.6,4
2021-06-07,25.9,17.8,2.2,66.3,14.6,1005.9,10
2021-06-08,31.1,30.0,12.73,35.5,15.5,1030.9,5
2021-06-09,28.2,19.3,6.11,57.7,15.5,1028.4,8
2021-06-10,25.1,15.4,0.01,63.6,20.0,1019.0,2
2021-06-11,30.7,25.4,4.85,66.1,18.2,1026.6,2
2021-06-12,31.7,24.3,5.92,67.2,25.4,1013.6,7
2021-06-13,33.8,21.0,2.5,86.8,26.0,1020.7,9
2021-06-14,26.5,21.0,2.71,89.1,15.4,1027.8,11
2021-06-15,18.3,14.5,5.05,67.4,0.0,1015.5,5
2021-06-16,21.5,10.0,1.84,86.5,21.2,1010.4,11
2021-06-17,32.1,19.2,9.97,75.4,12.3,996.0,9
2021-06-18,11.8,4.8,7.2,71.0,11.0,1012.2,2
2021-06-19,23.7,13.7,7.36,83.6,13.0,1021.2,1
2021-06-20,16.1,5.0,1.83,71.1,12.8,1022.5,1
2021-06-21,20.3,15.5,2.6,100.0,18.1,1018.0,1
2021-06-22,32.8,27.2,1.5,48.4,7.2,1007.6,4
2021-06-23,21.9,11.2,2.03,62.3,9.6,993.2,11
2021-06-24,20.5,8.4,4.8,68.1,16.7,1008.0,4
2021-06-25,6.4,-2.3,0.31,76.6,18.1,1010.0,0
2021-06-26,27.5,23.1,6.28,89.0,18.2,1009.9,1
2021-06-27,26.5,13.5,2.35,69.6,11.1,1019.2,1
2021-06-28,40.0,30.0,11.6,48.7,10.1,1032.9,3
2021-06-29,16.9,10.9,1.48,82.6,12.5,1014.2,6
2021-06-30,22.2,14.2,4.1,81.3,16.2,1010.8,2
2021-07-01,22.5,10.8,6.96,40.9,22.4,1010.4,4
2021-07-02,35.8,26.2,0.15,69.9,4.8,1014.2,10
2021-07-03,19.0,10.8,7.26,46.1,13.9,1004.7,8
2021-07-04,22.8,14.4,3.15,60.0,8.3,1014.2,4
2021-07-05,26.1,18.9,10.26,56.5,6.7,1017.5,8
2021-07-06,21.9,13.2,3.07,82.1,19.8,1015.1,0
2021-07-07,15.5,16.1,0.02,71.8,17.7,1017.6,8
2021-07-08,21.9,15.8,1.5,50.7,17.2,1017.3,4
2021-07-09,30.7,23.0,7.04,83.2,19.6,995.3,7
2021-07-10,9.7,6.2,0.08,48.5,12.6,1019.4,4
2021-07-11,21.3,13.2,0.75,75.0,12.8,1006.3,11
2021-07-12,13.0,6.6,1.89,57.8,25.9,1002.0,5
2021-07-13,32.0,19.7,2.88,64.5,13.8,1002.0,7
2021-07-14,4.8,-7.0,12.1,77.6,18.7,1017.3,1
2021-07-15,14.4,8.8,0.17,77.8,15.0,1010.8,2
2021-07-16,23.8,17.2,7.16,90.1,5.8,996.2,10
2021-07-17,35.7,28.9,4.05,68.8,4.8,1017.8,8
2021-07-18,19.3,13.7,1.92,74.6,12.1,998.6,4
2021-07-19,14.4,6.9,2.97,63.4,20.3,1014.4,4
2021-07-20,38.8,30.0,6.92,72.7,18.9,1015.4,8
2021-07-21,5.5,1.9,2.06,76.6,19.6,1021.9,9
2021-07-22,-2.0,-10.9,8.97,68.5,10.1,1030.8,2
2021-07-23,24.4,15.5,8.11,42.9,23.1,999.4,3
2021-07-24,15.0,10.4,7.59,75.0,10.2,1012.5,6
2021-07-25,9.8,0.1,0.7,75.5,16.1,1010.2,1
2021-07-26,27.1,22.0,2.4,59.8,14.9,1017.3,7
2021-07-27,22.4,14.7,0.07,50.7,14.1,1015.2,4
2021-07-28,14.4,4.9,3.98,92.1,21.7,1009.5,0
2021-07-29,7.2,0.3,5.73,77.4,11.5,1008.6,2
2021-07-30,28.7,20.4,7.86,66.6,8.3,1001.8,8
2021-07-31,26.5,21.1,2.96,52.9,15.1,1022.9,4
2021-08-01,19.0,12.6,3.79,57.7,13.0,1017.6,7
2021-08-02,38.5,30.0,1.61,89.5,31.9,1022.2,0
2021-08-03,9.3,4.5,9.46,72.1,18.4,1009.9,6
2021-08-04,4.7,-1.7,5.11,61.7,13.0,1006.4,6
2021-08-05,13.1,10.7,9.55,77.6,9.7,1002.2,7
2021-08-06,19.5,14.0,1.92,57.8,5.6,1016.6,2
2021-08-07,22.4,16.3,7.69,92.5,9.9,1002.6,0
2021-08-08,17.6,11.4,11.18,90.3,15.6,1031.5,10
2021-08-09,23.5,17.2,9.56,63.0,22.1,999.9,8
2021-08-10,7.5,0.7,2.46,60.6,20.6,1015.7,0
2021-08-11,34.4,26.0,1.73,30.7,16.1,1028.7,10
2021-08-12,19.2,9.6,1.27,47.8,13.4,1019.0,5
2021-08-13,31.2,26.1,5.45,49.9,16.3,1014.8,8
2021-08-14,23.4,20.0,6.43,72.0,12.4,1003.3,1
2021-08-15,24.6,20.7,1.19,65.1,23.6,999.2,3
2021-08-16,25.7,20.2,3.34,49.8,14.1,1020.7,1
2021-08-17,24.5,18.5,7.1,65.8,14.6,1028.1,3
2021-08-18,26.4,21.7,10.21,77.6,3.9,1008.6,1
2021-08-19,33.3,30.0,0.44,77.9,14.0,1001.6,11
2021-08-20,22.0,16.3,3.28,41.5,19.2,988.4,0
2021-08-21,27.1,19.5,1.45,68.1,9.7,1003.2,10
2021-08-22,19.1,10.3,8.73,49.2,11.2,1011.9,2
2021-08-23,34.4,29.1,11.19,83.5,19.0,1029.0,7
2021-08-24,13.2,7.5,2.92,81.8,7.6,1019.7,4
2021-08-25,38.0,30.0,2.47,56.5,20.3,1016.1,3
2021-08-26,19.6,12.7,0.73,58.5,12.3,1009.0,4
2021-08-27,5.7,1.2,11.63,63.1,13.1,1007.2,5
2021-08-28,21.3,12.6,1.44,36.2,9.4,1027.1,5
2021-08-29,13.2,11.5,6.86,75.0,16.9,1015.0,4
2021-08-30,28.4,22.5,4.78,65.9,27.3,992.0,11
2021-08-31,13.5,5.6,9.31,84.6,18.9,1006.3,10
2021-09-01,15.5,8.0,0.34,53.5,10.7,1004.4,11
2021-09-02,1.1,-14.0,0.66,60.7,20.7,1007.5,5
2021-09-03,15.5,7.4,8.48,47.4,13.4,1018.6,8
2021-09-04,-4.2,-8.2,5.13,54.9,21.9,1011.9,4
2021-09-05,4.2,-2.6,4.72,52.3,19.0,1012.2,5
2021-09-06,27.6,25.9,0.3,84.9,0.3,1026.1,3
2021-09-07,27.9,21.1,4.93,59.5,10.0,1006.0,2
2021-09-08,24.3,19.8,7.19,71.9,19.7,1031.6,11
2021-09-09,10.3,0.6,0.4,64.3,15.8,1006.3,5
2021-09-10,19.5,14.2,11.57,51.0,9.9,1013.9,10
2021-09-11,20.0,13.3,5.62,67.5,11.8,1010.2,10
2021-09-12,8.4,3.3,3.1,79.0,5.5,1014.2,4
2021-09-13,35.0,22.8,7.09,51.9,14.6,1017.4,3
2021-09-14,28.8,22.7,11.16,82.1,26.1,1017.3,4
2021-09-15,17.8,5.3,7.07,57.3,19.0,1005.5,6
2021-09-16,20.3,10.8,3.64,62.8,26.0,1001.8,0
2021-09-17,22.1,13.6,1.87,78.0,19.4,1038.0,0
2021-09-18,-0.4,-8.5,9.95,60.0,20.1,1008.2,10
2021-09-19,17.5,9.3,6.19,70.6,24.9,1020.0,0
2021-09-20,13.2,12.0,11.08,65.3,16.9,996.9,1
2021-09-21,10.0,3.8,3.96,71.9,14.1,1010.2,8
2021-09-22,17.2,7.7,2.83,34.3,20.2,1011.7,4
2021-09-23,38.0,30.0,5.08,42.6,22.3,1017.7,8
2021-09-24,26.4,23.6,1.85,79.2,12.6,985.8,4
2021-09-25,14.3,7.4,1.76,85.6,11.4,1014.7,6
2021-09-26,25.7,13.6,6.13,56.3,15.7,1001.5,5
2021-09-27,34.0,23.3,3.23,66.3,19.2,1016.2,1
2021-09-28,29.2,22.4,6.12,74.4,19.0,1002.6,2
2021-09-29,20.6,10.7,6.52,80.4,7.9,1004.4,4
2021-09-30,13.5,7.6,13.77,39.6,24.6,1010.3,3
2021-10-01,27.0,25.1,1.42,56.7,11.8,1002.5,10
2021-10-02,23.9,19.7,1.71,65.0,13.7,1008.2,5
2021-10-03,29.0,17.3,4.23,80.5,10.5,1001.1,7
2021-10-04,26.4,20.2,1.01,100.0,28.5,994.7,7
2021-10-05,30.5,24.2,10.41,66.6,16.2,1023.2,2
2021-10-06,14.6,8.5,1.58,48.9,10.7,1000.0,3
2021-10-07,33.2,20.5,0.17,76.0,19.3,1011.2,0
2021-10-08,22.0,10.1,0.64,89.8,18.8,1020.5,1
2021-10-09,40.0,26.3,6.59,71.6,14.1,1006.9,8
2021-10-10,13.1,6.6,2.21,56.4,19.2,1004.7,11
2021-10-11,37.4,29.5,0.21,84.4,10.9,1015.3,9
2021-10-12,22.0,19.5,11.33,80.0,12.5,1024.2,9
2021-10-13,13.5,2.1,1.28,54.6,4.9,1001.3,1
2021-10-14,15.2,11.7,3.18,75.7,8.4,1011.5,11
2021-10-15,16.8,9.1,6.26,85.0,24.0,995.7,5
2021-10-16,24.2,20.5,5.16,87.7,23.2,1009.1,6
2021-10-17,25.2,20.0,5.4,69.0,15.3,1013.3,5
2021-10-18,14.3,9.8,2.28,64.6,23.3,1004.5,7
2021-10-19,19.8,14.6,7.11,88.4,14.2,1008.4,8
2021-10-20,40.0,30.0,1.81,51.8,13.8,998.9,7
2021-10-21,37.3,30.0,6.46,76.6,15.3,1013.8,4
2021-10-22,24.4,14.9,8.53,49.4,14.4,1023.6,7
2021-10-23,20.4,16.7,7.31,86.0,13.9,1002.0,9
2021-10-24,21.2,13.5,4.26,66.1,20.7,1006.8,9
2021-10-25,26.1,15.5,1.84,89.0,15.8,1018.0,8
2021-10-26,9.8,4.3,0.12,77.4,18.6,1025.1,7
2021-10-27,17.4,12.6,10.36,51.7,20.2,998.1,1
2021-10-28,3.3,-3.0,0.5,91.4,16.9,1011.3,1
2021-10-29,24.0,13.5,2.19,93.3,10.1,1015.8,11
2021-10-30,26.5,18.9,6.33,83.2,8.2,1012.0,2
2021-10-31,15.2,9.8,0.98,58.6,15.7,988.2,6
2021-11-01,35.7,27.3,1.75,65.4,14.1,1018.0,8
2021-11-02,7.7,4.0,4.22,72.2,15.4,1028.2,7
2021-11-03,5.4,-3.7,0.59,59.4,14.9,1014.2,8
2021-11-04,22.2,14.0,2.59,95.4,27.9,1002.7,5
2021-11-05,30.5,24.4,4.22,72.2,8.3,1007.9,0
2021-11-06,36.8,30.0,7.76,29.4,5.1,1030.7,11
2021-11-07,15.4,11.1,5.63,75.1,16.7,1022.1,3
2021-11-08,30.8,22.2,2.05,64.8,13.1,1019.4,5
2021-11-09,19.6,8.9,2.01,68.9,16.6,1016.6,11
2021-11-10,18.3,13.2,5.55,64.5,17.9,1006.4,5
2021-11-11,28.8,20.5,9.36,82.1,21.4,1011.0,7
2021-11-12,26.5,25.8,3.63,86.8,7.5,1012.2,0
2021-11-13,4.2,-1.0,0.65,74.2,12.2,1018.5,10
2021-11-14,34.8,27.9,1.96,64.9,17.1,1028.1,1
2021-11-15,33.8,29.5,4.23,69.4,18.9,1024.2,1
2021-11-16,13.7,9.6,6.33,70.3,26.0,998.8,5
2021-11-17,24.0,19.0,5.89,58.0,19.8,1015.2,10
2021-11-18,24.9,17.1,5.89,78.7,14.7,1020.4,6
2021-11-19,22.6,16.2,2.36,76.9,10.5,1019.2,1
2021-11-20,14.5,14.2,10.03,93.1,12.2,1006.7,4
2021-11-21,13.3,12.6,0.58,88.8,12.0,1042.1,5
2021-11-22,19.7,14.6,7.78,59.7,18.3,1000.2,3
2021-11-23,31.7,23.4,2.81,82.3,16.3,1002.2,0
2021-11-24,25.4,26.7,0.04,55.7,8.4,1015.3,2
2021-11-25,16.3,10.8,5.96,80.4,12.8,1034.2,9
2021-11-26,27.7,22.3,5.05,62.3,19.4,1004.6,8
2021-11-27,-8.5,-19.7,4.78,54.7,16.8,1010.3,5
2021-11-28,31.5,25.6,3.41,74.2,17.8,1023.8,1
2021-11-29,2.6,-5.5,2.81,29.9,16.9,1012.8,8
2021-11-30,16.4,9.0,14.94,43.7,23.1,1009.7,3
2021-12-01,8.8,8.2,8.92,67.3,16.2,1018.7,10
2021-12-02,7.1,-2.3,6.61,71.2,13.1,1015.7,7
2021-12-03,31.6,24.0,3.56,64.5,10.4,1023.3,9
2021-12-04,15.3,6.8,8.04,46.3,16.2,1025.9,6
2021-12-05,23.5,4.7,5.59,57.7,2.8,1016.1,11
2021-12-06,19.5,18.8,3.13,75.9,14.1,1015.9,10
2021-12-07,24.8,12.6,1.48,78.7,14.0,1015.1,2
2021-12-08,20.8,14.6,2.6,69.8,8.2,1017.9,7
2021-12-09,7.2,-0.7,12.85,87.4,10.4,1013.6,3
2021-12-10,30.0,23.1,4.05,76.0,19.0,1013.0,1
2021-12-11,15.1,9.3,0.56,58.8,16.2,1025.0,10
2021-12-12,4.4,-0.9,10.96,65.8,15.5,1028.2,4
2021-12-13,15.7,7.7,3.1,49.0,16.5,997.9,0
2021-12-14,35.0,30.0,2.94,68.4,15.5,1013.1,7
2021-12-15,28.5,19.3,2.75,86.7,21.2,1006.1,7
2021-12-16,16.5,10.8,2.23,80.3,15.6,1009.9,2
2021-12-17,16.5,12.9,5.37,91.0,7.7,1017.0,0
2021-12-18,16.8,11.1,4.45,65.5,23.2,1019.7,3
2021-12-19,40.0,29.2,7.79,90.2,16.9,1011.9,8
2021-12-20,23.8,18.4,0.95,67.1,12.1,993.9,8
2021-12-21,24.3,16.2,3.17,92.1,8.7,1003.3,0
2021-12-22,30.3,25.5,3.83,69.7,17.0,1022.0,10
2021-12-23,22.4,13.1,6.51,80.6,14.4,985.6,6
2021-12-24,17.4,8.4,5.59,92.1,22.9,1024.9,5
2021-12-25,18.0,5.5,5.48,67.1,13.3,1018.2,6
2021-12-26,19.3,12.8,3.01,73.3,10.8,1026.2,6
2021-12-27,19.6,10.6,5.07,89.3,19.5,1011.0,7
2021-12-28,27.3,20.0,11.02,68.0,19.6,992.4,7
2021-12-29,20.5,9.6,1.57,50.2,15.8,1017.3,9
2021-12-30,27.3,22.5,3.69,100.0,18.4,1025.7,10
2021-12-31,19.2,10.0,2.43,63.0,14.8,1022.2,1
2022-01-01,20.8,14.4,1.34,72.4,16.2,1006.4,11
2022-01-02,0.0,-6.8,3.49,87.3,20.8,1013.9,11
2022-01-03,29.2,21.9,8.52,60.9,18.1,1007.7,11
2022-01-04,23.5,15.7,1.72,54.9,14.2,1004.8,3
2022-01-05,30.0,23.3,1.82,73.8,21.8,1022.6,3
2022-01-06,-9.0,-16.6,0.97,43.1,3.2,1001.0,10
2022-01-07,40.0,28.3,0.33,65.7,25.3,1004.1,9
2022-01-08,18.6,8.6,4.47,73.7,6.5,1002.0,11
2022-01-09,31.1,21.5,4.49,66.0,11.9,998.1,7
2022-01-10,9.6,4.0,9.4,46.8,14.8,1014.5,2
2022-01-11,26.1,21.8,0.33,93.9,14.3,1024.6,11
2022-01-12,9.5,-0.4,6.61,71.6,20.0,1011.2,11
2022-01-13,13.8,4.1,3.35,91.5,9.7,997.9,2
2022-01-14,39.1,27.7,6.34,66.1,16.3,1021.4,1
2022-01-15,18.1,12.9,6.36,56.8,12.1,1029.9,0
2022-01-16,22.2,15.9,4.92,74.0,16.5,1006.5,7
2022-01-17,28.7,26.6,1.97,66.8,14.7,1008.2,8
2022-01-18,25.0,19.1,4.25,52.3,15.5,1018.2,8
2022-01-19,21.5,11.5,2.92,92.0,12.3,1029.2,10
2022-01-20,23.6,18.0,1.74,60.7,12.4,1007.8,7
2022-01-21,40.0,30.0,8.15,42.4,16.4,999.7,4
2022-01-22,19.4,13.0,6.98,89.9,19.7,1019.3,0
2022-01-23,22.0,14.0,3.08,62.4,12.0,1021.0,8
2022-01-24,30.5,26.9,1.87,60.9,10.7,1013.1,5
2022-01-25,31.1,23.8,6.23,43.5,18.1,1007.4,11
2022-01-26,31.9,30.0,3.1,96.1,14.8,1022.9,6
2022-01-27,26.4,19.9,8.6,50.7,19.2,1018.3,7
2022-01-28,8.6,6.5,6.91,70.9,10.5,1005.3,4
2022-01-29,36.3,25.7,2.88,83.7,6.1,1013.5,5
2022-01-30,8.5,-0.8,9.01,76.3,12.3,999.5,11
2022-01-31,23.0,14.6,2.48,69.1,11.2,1019.9,6
2022-02-01,12.5,0.9,12.88,44.5,14.6,1010.4,6
2022-02-02,19.4,15.2,4.4,57.9,11.8,1008.6,1
2022-02-03,23.3,11.0,4.46,72.8,18.7,1012.7,10
2022-02-04,23.2,13.4,5.45,58.2,13.6,1013.4,11
2022-02-05,24.2,17.9,1.89,73.1,15.8,1021.9,0
2022-02-06,36.1,25.7,16.78,80.2,15.8,1018.9,7
2022-02-07,24.5,20.9,1.47,84.4,16.0,1011.4,4
2022-02-08,17.6,13.0,6.65,51.6,14.9,1020.6,9
2022-02-09,29.6,24.5,0.25,100.0,17.6,1017.0,1
2022-02-10,31.9,26.5,7.45,81.5,11.0,1008.7,2
2022-02-11,7.7,3.9,2.15,70.0,22.0,1011.8,5
2022-02-12,26.0,15.3,1.67,86.3,13.8,1011.5,9
2022-02-13,27.0,20.8,1.0,100.0,8.4,1018.1,5
2022-02-14,17.0,9.0,2.43,48.4,15.9,1009.3,7
2022-02-15,33.8,28.5,4.32,66.6,10.7,1009.1,4
2022-02-16,18.5,17.0,2.25,34.3,18.3,1032.7,4
2022-02-17,21.3,13.4,3.32,72.9,26.0,1022.4,6
2022-02-18,18.3,17.0,5.43,75.5,11.1,1005.4,9
2022-02-19,20.2,13.4,6.75,69.4,16.7,1018.7,4
2022-02-20,9.0,6.1,7.25,60.2,6.2,1014.2,8
2022-02-21,5.6,-7.4,6.7,39.3,17.3,1016.9,5
2022-02-22,35.9,26.2,5.54,75.6,10.6,1014.4,6
2022-02-23,11.5,4.2,2.71,91.8,11.9,1024.9,11
2022-02-24,10.1,-0.7,3.98,61.1,9.5,1016.5,7
2022-02-25,-1.5,-6.0,0.54,76.6,18.7,1012.4,4
2022-02-26,13.6,5.0,1.69,46.5,20.0,1023.4,10
2022-02-27,6.8,-0.8,4.98,76.9,15.1,1015.3,3
2022-02-28,36.4,28.6,0.7,64.1,10.7,1014.2,11
2022-03-01,30.1,19.3,6.26,58.6,22.9,1016.1,7
2022-03-02,13.1,3.9,10.14,58.6,11.2,1012.1,11
2022-03-03,40.0,30.0,0.9,64.1,4.2,1013.1,9
2022-03-04,29.8,27.8,6.78,75.7,17.3,1007.1,8
2022-03-05,16.8,12.6,6.57,50.3,9.5,1005.5,0
2022-03-06,-5.0,-11.6,6.3,64.0,19.9,1003.0,2
2022-03-07,40.0,30.0,1.02,69.4,13.1,999.1,11
2022-03-08,6.1,2.5,4.54,53.5,18.0,1004.2,3
2022-03-09,3.5,-10.7,1.76,96.9,22.0,1011.3,6
2022-03-10,30.2,18.7,9.6,57.2,9.0,1014.0,5
2022-03-11,40.0,30.0,1.37,60.0,12.2,1010.3,9
2022-03-12,33.8,26.6,6.14,55.3,14.6,989.4,9
2022-03-13,25.6,19.3,1.6,97.0,22.7,1028.7,10
2022-03-14,25.9,21.8,2.21,78.3,11.7,1023.9,0
2022-03-15,28.5,21.3,2.08,56.0,12.0,1017.5,3
2022-03-16,27.6,19.8,1.23,86.6,17.4,1032.1,5
2022-03-17,22.8,19.5,2.93,73.0,12.1,1003.2,2
2022-03-18,21.0,13.0,2.69,73.9,15.8,1031.9,1
2022-03-19,19.4,12.8,4.21,64.8,7.2,1003.3,1
2022-03-20,12.5,11.2,3.42,58.8,26.1,1015.4,9
2022-03-21,17.2,12.8,6.99,75.1,8.3,1000.3,11
2022-03-22,3.1,-2.7,7.62,61.8,13.4,1013.1,11
2022-03-23,19.0,6.4,2.25,97.3,14.8,1016.9,3
2022-03-24,10.1,1.4,7.34,51.0,24.6,1011.5,0
2022-03-25,9.0,6.0,2.93,93.0,8.4,1020.1,9
2022-03-26,21.8,13.3,5.94,68.3,24.9,1014.0,1
2022-03-27,33.9,30.0,6.1,74.5,18.8,1007.8,9
2022-03-28,29.2,18.9,6.56,82.5,17.1,1007.3,1
2022-03-29,4.3,-1.3,3.46,60.5,10.1,1021.1,3
2022-03-30,10.1,3.4,0.66,83.0,17.9,1006.5,3
2022-03-31,29.4,18.4,0.79,29.4,11.4,1022.2,0
2022-04-01,10.2,7.0,9.75,59.2,21.3,1025.2,6
2022-04-02,17.8,14.9,0.27,56.1,10.1,996.3,6
2022-04-03,25.5,20.3,1.03,51.2,14.4,1024.3,9
2022-04-04,10.3,0.2,3.38,66.8,12.2,1033.6,10
2022-04-05,21.1,18.6,6.43,75.8,10.1,1015.5,9
2022-04-06,6.7,8.2,2.29,80.5,18.7,1019.0,9
2022-04-07,14.0,8.3,8.83,73.6,17.7,1023.4,0
2022-04-08,23.2,14.5,5.65,60.0,21.0,1010.2,10
2022-04-09,4.1,-6.5,7.89,75.5,6.1,1014.8,7
2022-04-10,24.4,18.8,0.35,71.9,20.3,999.9,9
2022-04-11,19.8,14.0,0.19,84.0,27.5,1014.4,6
2022-04-12,25.5,15.1,5.4,81.7,12.7,1018.0,6
2022-04-13,22.2,20.8,10.12,70.5,24.5,1018.2,10
2022-04-14,33.6,27.8,15.75,56.5,13.7,1023.7,5
2022-04-15,21.3,13.7,5.66,60.2,8.1,1005.3,11
2022-04-16,15.7,7.4,3.74,61.8,13.5,1007.7,3
2022-04-17,21.2,15.8,8.91,65.3,20.2,1032.0,10
2022-04-18,25.4,18.3,14.72,74.0,10.8,1011.5,7
2022-04-19,20.5,21.0,7.35,80.7,12.0,1015.0,1
2022-04-20,20.4,15.4,7.74,69.2,18.0,1012.3,6
2022-04-21,13.0,4.6,3.65,70.2,15.0,1004.8,2
2022-04-22,13.4,9.3,2.29,72.1,17.9,1029.2,2
2022-04-23,6.0,-1.2,0.62,62.3,16.2,1007.7,6
2022-04-24,37.5,29.2,1.13,56.1,17.4,1001.7,11
2022-04-25,7.6,1.6,0.44,43.7,12.8,1008.5,2
2022-04-26,13.1,5.6,3.75,59.6,16.2,993.0,4
2022-04-27,12.8,8.7,2.62,77.1,10.4,1006.5,7
2022-04-28,28.9,22.6,5.42,59.5,21.4,1003.3,3
2022-04-29,17.1,8.2,3.95,66.4,11.8,1019.2,6
2022-04-30,32.5,25.0,2.82,77.0,20.6,1006.3,6
2022-05-01,13.3,8.0,3.73,77.8,13.8,1021.9,1
2022-05-02,22.8,15.1,0.39,53.8,16.0,1027.0,7
2022-05-03,11.6,2.5,18.38,85.0,12.5,1020.8,9
2022-05-04,40.0,30.0,9.8,86.9,9.9,1010.8,11
2022-05-05,8.1,-2.4,3.22,53.1,6.3,1014.4,9
2022-05-06,23.1,17.1,4.16,57.6,9.7,997.8,8
2022-05-07,26.3,18.1,0.04,87.9,13.4,1011.7,5
2022-05-08,24.1,13.5,2.07,67.8,16.1,1004.4,4
2022-05-09,18.1,15.3,3.7,36.7,20.1,1019.9,0
2022-05-10,18.7,13.8,5.16,49.0,12.8,1038.7,0
2022-05-11,20.4,14.3,0.41,66.3,10.6,1018.0,8
2022-05-12,18.5,13.9,7.84,52.6,7.8,993.1,3
2022-05-13,29.6,17.4,7.97,63.8,17.4,1009.4,0
2022-05-14,40.0,30.0,9.87,70.5,21.9,1014.2,10
2022-05-15,14.4,9.1,1.26,91.9,21.3,1013.9,9
2022-05-16,6.3,-1.3,5.38,65.6,18.5,1005.7,11
2022-05-17,19.1,15.7,6.16,86.1,18.2,1015.5,2
2022-05-18,40.0,30.0,0.63,91.4,23.5,1000.6,5
2022-05-19,12.0,4.0,0.86,91.5,16.7,1003.6,10
2022-05-20,36.4,30.0,11.05,74.3,18.2,1019.5,10
2022-05-21,36.8,30.0,4.14,40.6,13.4,1002.8,7
2022-05-22,14.5,9.1,6.18,76.9,8.2,1018.4,9
2022-05-23,25.7,23.2,1.11,85.7,11.6,999.3,1
2022-05-24,36.3,28.3,3.1,68.8,15.0,1030.6,7
2022-05-25,16.2,3.9,0.15,96.2,15.3,1005.3,0
2022-05-26,18.0,10.9,2.38,82.9,24.6,1010.8,10
2022-05-27,14.2,6.5,2.32,78.5,15.4,1016.3,1
2022-05-28,9.9,0.8,2.95,86.3,20.9,1007.3,7
2022-05-29,13.5,10.3,5.44,75.0,12.8,1014.4,6
2022-05-30,7.8,-4.3,2.6,32.6,13.4,1018.8,4
2022-05-31,20.3,12.7,6.35,62.5,8.4,1022.6,9
2022-06-01,12.3,0.4,6.02,88.0,11.3,1020.9,1
2022-06-02,22.3,17.5,1.04,57.9,17.6,1011.3,8
2022-06-03,4.4,-8.0,2.09,66.6,15.0,1011.5,4
2022-06-04,23.3,14.0,2.14,54.3,19.7,1036.5,7
2022-06-05,28.3,19.7,1.13,96.8,15.9,1022.5,3
2022-06-06,0.1,-7.6,6.22,95.2,13.2,1003.8,8
2022-06-07,23.7,17.5,7.64,56.7,25.7,1014.0,9
2022-06-08,32.3,21.7,0.52,72.2,14.5,1009.6,6
2022-06-09,7.9,0.5,2.77,59.8,20.8,1011.6,1
2022-06-10,36.7,30.0,4.34,79.2,13.0,1000.7,2
2022-06-11,24.2,20.5,1.12,77.6,18.5,1008.9,1
2022-06-12,12.9,6.5,0.41,82.2,19.6,1031.1,4
2022-06-13,19.4,11.5,9.63,75.0,16.0,1018.8,1
2022-06-14,25.6,18.8,7.14,100.0,3.2,988.1,4
2022-06-15,20.8,10.1,3.79,54.6,15.1,1025.2,8
2022-06-16,25.4,24.2,3.36,44.3,21.2,1023.9,1
2022-06-17,10.8,3.4,4.06,64.1,17.6,1009.4,8
2022-06-18,21.7,20.1,8.31,46.5,17.2,1020.2,6
2022-06-19,5.9,-3.4,1.12,47.6,6.4,1004.4,6
2022-06-20,18.9,12.2,9.76,55.0,11.4,1008.3,4
2022-06-21,11.0,2.7,9.46,56.2,17.1,1028.0,7
2022-06-22,12.6,8.2,11.32,55.7,17.1,1010.3,6
2022-06-23,32.4,21.5,4.53,77.8,21.1,994.3,5
2022-06-24,30.9,20.8,5.94,62.4,14.3,1012.4,1
2022-06-25,26.1,17.3,10.07,67.3,17.0,1012.2,5
2022-06-26,9.1,2.5,5.24,83.4,15.1,1025.0,1
2022-06-27,16.8,8.1,0.49,58.5,10.1,1013.1,0
2022-06-28,32.1,27.3,0.76,66.0,3.7,1008.8,8
2022-06-29,21.4,11.9,4.19,75.5,17.2,1023.5,4
2022-06-30,40.0,28.1,3.45,40.9,15.9,1014.2,9
2022-07-01,23.9,13.7,2.28,34.2,11.9,1005.5,9
2022-07-02,21.9,17.1,8.48,75.2,6.9,1024.5,3
2022-07-03,16.9,8.8,7.96,77.4,18.1,1014.9,11
2022-07-04,21.3,18.2,10.67,100.0,13.7,1013.0,10
2022-07-05,18.5,9.8,8.61,72.4,17.8,1014.8,7
2022-07-06,27.1,18.7,0.7,82.3,24.3,1002.3,4
2022-07-07,29.6,28.2,5.72,67.1,4.3,1007.7,6
2022-07-08,12.1,8.6,3.02,74.5,11.5,1013.0,2
2022-07-09,6.7,0.5,9.15,95.0,14.0,1011.1,7
2022-07-10,1.6,-4.5,7.91,38.1,22.3,1025.7,7
2022-07-11,25.1,21.7,4.0,76.2,6.8,1015.2,2
2022-07-12,9.0,0.8,5.94,100.0,24.7,1021.5,8
2022-07-13,-1.5,-9.3,1.97,74.2,15.7,1013.1,7
2022-07-14,23.9,17.5,3.41,94.8,14.5,1023.6,0
2022-07-15,40.0,30.0,0.64,60.6,14.0,1017.0,7
2022-07-16,19.9,9.8,11.74,69.5,12.8,1013.1,11
2022-07-17,28.4,16.4,8.2,70.5,20.2,1012.9,10
2022-07-18,20.8,15.3,0.7,36.7,9.7,1003.5,3
2022-07-19,19.0,13.8,3.67,52.5,16.7,1018.1,5
2022-07-20,29.2,20.7,1.07,53.5,13.1,1012.6,9
2022-07-21,17.1,11.2,5.17,82.3,11.2,1008.0,8
2022-07-22,22.7,16.1,4.2,83.1,27.9,1024.1,4
2022-07-23,23.2,14.0,9.27,74.9,17.1,1000.5,6
2022-07-24,13.3,12.0,6.95,82.4,18.1,1008.8,0
2022-07-25,29.9,19.0,7.85,67.5,20.7,1023.3,8
2022-07-26,18.3,11.0,4.63,88.0,7.9,1016.2,5
2022-07-27,12.4,6.7,3.95,70.1,23.8,1012.5,10
2022-07-28,25.4,18.6,2.02,70.9,2.5,1015.5,3
2022-07-29,11.0,4.1,8.3,66.0,11.2,1014.8,5
2022-07-30,20.3,18.5,2.74,80.3,12.7,997.8,4
2022-07-31,19.9,8.4,5.52,63.7,17.9,1009.5,2
2022-08-01,30.9,23.7,1.41,84.6,16.1,1029.2,6
2022-08-02,24.7,16.4,2.15,53.0,14.2,1006.4,2
2022-08-03,19.7,9.9,2.38,53.5,14.9,1009.8,1
2022-08-04,28.2,24.2,4.55,80.3,10.1,1007.6,3
2022-08-05,33.9,25.5,0.28,68.7,7.5,1012.1,6
2022-08-06,25.6,19.4,1.82,63.2,18.6,1007.2,4
2022-08-07,20.1,10.6,1.7,83.4,18.5,1017.9,8
2022-08-08,6.9,6.3,8.6,60.9,22.9,1015.0,9
2022-08-09,9.3,2.6,1.53,67.0,11.0,1020.7,6
2022-08-10,16.9,11.8,10.26,91.0,18.5,1002.5,11
2022-08-11,13.9,5.6,10.64,93.1,13.6,1009.6,8
2022-08-12,18.1,9.7,2.59,93.6,21.0,1010.7,8
2022-08-13,20.6,15.7,2.04,65.8,20.1,1017.6,11
2022-08-14,25.3,20.4,7.43,88.5,16.1,1005.1,1
2022-08-15,19.3,12.6,4.36,55.8,13.3,1022.2,0
2022-08-16,24.9,20.6,3.87,56.4,19.8,1024.9,10
2022-08-17,20.6,11.1,9.89,34.7,18.2,1003.1,3
2022-08-18,0.2,-5.6,3.58,95.1,11.6,1008.1,3
2022-08-19,10.6,12.3,4.95,57.0,8.4,1007.7,1
2022-08-20,18.6,12.7,8.1,68.1,13.6,1039.3,2
2022-08-21,7.9,4.0,2.99,56.3,22.6,1008.7,2
2022-08-22,26.0,23.9,7.44,80.4,20.7,1029.8,4
2022-08-23,35.3,30.0,4.43,64.4,9.4,1000.3,0
2022-08-24,32.2,24.9,2.26,50.4,9.2,1003.1,8
2022-08-25,17.9,6.9,5.82,76.6,21.4,1006.1,7
2022-08-26,34.9,27.0,11.18,48.5,9.3,1004.5,7
2022-08-27,21.5,16.3,1.89,57.4,17.5,1010.3,2
2022-08-28,16.6,8.3,3.35,38.4,11.9,1005.9,1
2022-08-29,13.9,8.2,3.96,48.6,23.1,1004.8,0
2022-08-30,17.0,12.1,14.96,72.7,11.1,1024.6,11
2022-08-31,16.1,12.6,7.5,40.5,20.7,1025.2,5
2022-09-01,21.7,20.0,6.42,47.8,15.9,1022.5,9
2022-09-02,21.6,15.8,2.43,70.0,16.3,1018.2,0
2022-09-03,20.0,12.6,5.83,61.8,5.1,1013.9,10
2022-09-04,24.4,17.7,0.29,99.9,4.0,1008.0,4
2022-09-05,31.9,26.2,2.76,97.5,13.9,1003.5,8
2022-09-06,29.5,25.3,6.56,57.0,16.2,1016.6,10
2022-09-07,5.2,-3.7,18.56,78.4,9.4,1001.3,8
2022-09-08,-5.5,-8.6,7.04,81.2,9.6,1003.1,11
2022-09-09,29.3,20.0,1.24,61.0,17.8,1024.5,3
2022-09-10,6.3,2.3,0.88,47.6,17.8,1032.0,6
2022-09-11,17.8,13.0,0.73,69.8,14.3,1016.9,10
2022-09-12,8.3,5.7,5.98,67.4,18.9,1024.1,6
2022-09-13,2.0,-3.5,1.35,63.5,9.1,1010.5,3
2022-09-14,25.4,15.5,6.66,76.6,13.2,999.6,4
2022-09-15,27.6,19.0,3.37,58.7,23.2,1019.1,10
2022-09-16,14.2,4.3,8.24,52.7,15.3,1018.7,8
2022-09-17,-5.9,-14.5,5.44,71.6,15.6,1013.7,6
2022-09-18,14.5,10.8,0.67,75.8,26.5,1010.6,6
2022-09-19,23.9,17.9,2.29,52.4,8.0,1022.6,9
2022-09-20,5.2,0.6,10.99,83.9,19.0,1003.1,6
2022-09-21,21.8,10.8,6.67,43.4,23.3,1005.3,8
2022-09-22,19.8,16.4,3.04,61.3,13.4,1002.9,4
2022-09-23,25.8,16.1,1.81,66.1,19.3,1013.8,5
2022-09-24,21.2,11.5,3.38,60.5,10.1,1002.1,2
2022-09-25,10.3,-2.2,0.44,61.5,11.6,1006.2,0
2022-09-26,32.0,26.2,7.52,98.1,16.9,1005.9,10
2022-09-27,18.4,9.3,13.21,57.2,19.0,1010.4,11
2022-09-28,19.7,5.9,3.78,100.0,20.6,998.1,1
2022-09-29,10.7,5.5,4.99,76.6,22.8,1013.9,7
2022-09-30,15.6,13.2,2.71,71.4,14.7,1025.5,0
2022-10-01,11.2,9.8,0.68,77.1,21.0,1014.4,9
2022-10-02,18.3,9.1,2.07,100.0,13.3,1028.4,6
2022-10-03,37.1,30.0,5.0,55.1,19.5,1026.3,4
2022-10-04,6.3,0.4,14.39,53.2,16.0,1020.8,5
2022-10-05,3.9,-4.4,3.17,58.7,17.2,1013.7,7
2022-10-06,34.7,27.2,2.16,70.5,17.1,1013.2,3
2022-10-07,17.9,9.6,0.8,44.1,7.0,1020.6,5
2022-10-08,13.3,5.6,9.44,70.3,9.4,1009.1,10
2022-10-09,30.4,19.6,3.07,95.4,15.5,994.2,2
2022-10-10,13.9,9.8,3.18,72.3,6.6,1017.9,6
2022-10-11,38.3,30.0,9.27,65.6,19.2,1001.7,1
2022-10-12,26.8,22.1,6.66,60.7,19.4,1003.4,11
2022-10-13,15.1,5.6,5.69,83.5,16.6,1013.0,7
2022-10-14,40.0,30.0,6.58,57.6,9.4,1012.0,6
2022-10-15,13.9,5.6,14.97,97.7,21.9,998.9,11
2022-10-16,27.4,16.9,13.93,99.0,25.2,1014.7,11
2022-10-17,23.0,19.5,0.43,73.9,15.7,1022.7,7
2022-10-18,33.0,21.0,11.12,69.8,17.6,1001.7,1
2022-10-19,35.6,24.0,4.92,85.5,16.0,1025.7,2
2022-10-20,20.3,11.1,5.5,86.4,17.7,997.4,11
2022-10-21,12.5,0.1,5.46,57.9,14.4,1034.2,3
2022-10-22,24.6,22.6,2.15,62.1,14.8,1008.9,11
2022-10-23,13.2,7.8,1.06,50.2,19.5,1014.5,8
2022-10-24,40.0,30.0,7.14,76.1,26.7,994.1,11
2022-10-25,21.4,12.2,8.36,80.0,8.0,1012.4,11
2022-10-26,16.3,12.5,7.37,49.8,14.5,1015.3,4
2022-10-27,21.8,12.6,2.89,63.2,9.1,1012.1,5
2022-10-28,6.5,-4.6,8.61,49.8,23.0,1007.4,0
2022-10-29,10.3,1.2,2.07,56.5,12.1,1003.5,3
2022-10-30,32.0,24.2,6.65,78.3,7.8,1024.3,3
2022-10-31,13.4,9.4,4.76,59.0,18.2,1013.3,9
2022-11-01,9.5,5.1,4.71,65.5,23.7,1028.4,7
2022-11-02,25.4,14.6,1.64,45.6,18.3,1007.7,7
2022-11-03,31.9,22.5,3.08,72.8,16.0,1008.7,9
2022-11-04,27.2,20.3,2.61,69.3,17.0,1021.2,5
2022-11-05,30.0,24.2,6.55,59.1,22.1,996.8,7
2022-11-06,12.4,11.5,3.1,67.2,10.6,1000.9,8
2022-11-07,5.8,2.0,2.31,72.7,14.4,1024.0,4
2022-11-08,35.0,22.3,0.88,57.8,12.7,1001.3,0
2022-11-09,16.8,13.6,1.47,47.9,9.2,994.8,0
2022-11-10,17.5,9.9,8.23,97.1,13.4,1031.7,1
2022-11-11,33.3,23.3,1.32,60.5,20.5,999.1,1
2022-11-12,25.6,22.3,3.71,68.5,17.8,1014.8,4
2022-11-13,24.6,17.0,6.72,85.2,18.2,1013.7,6
2022-11-14,40.0,30.0,1.98,100.0,15.7,984.9,6
2022-11-15,13.6,6.5,3.16,51.3,17.6,1010.3,3
2022-11-16,29.3,13.7,11.04,76.7,11.0,1017.5,3
2022-11-17,20.6,18.6,2.9,59.4,13.5,1016.5,10
2022-11-18,22.7,12.5,4.45,61.9,16.0,1022.0,9
2022-11-19,35.3,28.8,2.89,59.2,16.4,1009.1,2
2022-11-20,25.1,15.8,1.9,53.1,16.6,1020.1,10
2022-11-21,25.4,17.1,6.05,69.4,14.3,1006.1,1
2022-11-22,30.7,25.9,4.78,47.9,13.1,998.9,2
2022-11-23,16.4,8.7,4.0,84.2,30.8,1000.0,7
2022-11-24,11.6,10.2,3.5,70.8,19.5,998.4,0
2022-11-25,9.6,0.7,3.21,76.3,17.1,1023.1,3
2022-11-26,0.3,-7.6,8.19,63.0,13.8,997.9,6
2022-11-27,40.0,30.0,4.67,64.5,12.7,1015.7,4
2022-11-28,9.0,-1.2,10.39,74.3,14.3,1010.3,1
2022-11-29,17.8,9.7,1.97,52.5,16.5,1012.0,0
2022-11-30,17.2,9.8,3.68,64.6,5.6,1026.6,5
2022-12-01,23.1,18.7,3.42,57.1,7.2,1008.6,4
2022-12-02,28.2,23.3,2.35,56.6,11.8,1019.1,2
2022-12-03,28.6,18.0,7.78,38.4,16.0,1013.4,10
2022-12-04,14.2,2.9,14.62,90.1,13.8,1011.5,10
2022-12-05,18.3,12.0,2.91,59.7,22.4,1036.0,10
2022-12-06,22.8,15.7,5.53,87.5,7.6,998.6,8
2022-12-07,17.5,13.2,3.42,86.0,11.2,1025.9,2
2022-12-08,36.1,25.6,0.57,50.7,22.6,1019.6,1
2022-12-09,24.9,15.9,6.1,53.7,15.7,1008.2,4
2022-12-10,27.3,14.5,0.53,100.0,19.4,1029.3,8
2022-12-11,26.6,22.3,3.96,96.3,25.3,994.5,7
2022-12-12,31.7,25.9,11.52,69.5,11.5,1007.8,5
2022-12-13,21.8,14.1,2.42,73.9,14.5,1000.9,2
2022-12-14,7.0,-1.9,1.27,60.5,13.6,1017.1,5
2022-12-15,24.0,17.6,7.45,76.5,5.2,1001.9,4
2022-12-16,13.5,9.1,2.61,59.2,13.4,1017.3,0
2022-12-17,14.7,5.1,0.83,39.5,19.4,1011.1,4
2022-12-18,25.9,16.7,3.34,50.2,17.7,1008.2,6
2022-12-19,32.4,28.1,8.14,70.3,18.1,1016.9,8
2022-12-20,20.2,9.1,5.51,53.0,13.1,1010.3,11
2022-12-21,23.1,12.6,4.24,69.0,11.7,1002.1,0
2022-12-22,37.0,29.6,3.39,53.9,21.3,1041.0,2
2022-12-23,22.4,15.2,5.0,58.3,12.5,1008.1,7
2022-12-24,40.0,30.0,4.01,82.8,16.5,990.8,5
2022-12-25,25.7,21.2,2.15,73.7,15.8,1004.6,4
2022-12-26,2.4,-4.7,3.23,69.9,22.3,1000.3,9
2022-12-27,27.5,27.0,2.37,83.2,19.9,1021.3,1
2022-12-28,23.8,14.2,3.41,77.2,8.5,1016.2,2
2022-12-29,32.9,30.0,0.6,91.7,9.1,1017.0,11
2022-12-30,26.7,15.2,15.7,63.1,17.9,1009.3,1
2022-12-31,18.6,12.6,2.8,63.6,14.7,1010.2,0
2023-01-01,7.8,1.4,4.02,50.5,12.7,1009.3,6
2023-01-02,17.9,12.8,2.33,63.6,20.1,1012.2,2
2023-01-03,11.5,5.4,5.6,84.5,15.9,1021.4,6
2023-01-04,14.2,2.9,11.37,89.5,15.3,1016.4,11
2023-01-05,25.9,26.3,0.05,84.4,18.9,1018.0,6
2023-01-06,36.7,25.9,4.91,43.1,13.1,1018.0,7
2023-01-07,23.9,15.9,7.08,86.2,22.8,1021.8,0
2023-01-08,8.0,4.7,3.9,42.4,11.1,1015.9,4
2023-01-09,24.4,20.7,0.82,83.5,18.3,1016.6,9
2023-01-10,32.0,19.9,1.71,64.5,22.2,1024.9,8
2023-01-11,13.9,9.7,2.65,80.5,8.1,1006.3,11
2023-01-12,18.7,15.1,6.45,50.0,13.3,1004.4,10
2023-01-13,20.1,9.7,0.42,87.6,20.7,1001.1,6
2023-01-14,12.2,4.1,1.63,48.0,20.8,1014.8,0
2023-01-15,26.5,22.3,2.93,60.0,14.1,994.5,7
2023-01-16,18.8,11.1,3.75,55.0,11.3,1017.6,2
2023-01-17,24.2,20.3,3.49,43.7,19.8,1011.9,3
2023-01-18,11.1,0.8,5.18,71.4,20.9,1024.3,3
2023-01-19,15.6,5.4,7.22,97.1,9.2,1006.3,9
2023-01-20,27.2,18.6,4.96,100.0,9.0,1011.0,11
2023-01-21,16.3,8.2,5.27,71.5,16.1,1024.2,7
2023-01-22,37.3,25.0,4.91,86.8,18.1,1026.8,0
2023-01-23,16.0,9.0,3.25,73.5,13.5,1006.2,7
2023-01-24,22.2,18.8,5.4,77.5,18.4,1014.8,8
2023-01-25,29.3,21.0,6.64,64.9,11.4,1015.9,8
2023-01-26,5.8,-7.4,0.46,72.9,4.4,1016.7,4
2023-01-27,2.4,-1.6,0.3,78.1,12.9,1010.4,3
2023-01-28,4.7,-1.2,0.13,61.3,15.3,1025.8,3
2023-01-29,32.6,24.4,5.68,68.8,13.6,994.1,8
2023-01-30,14.5,7.6,8.17,69.1,9.2,1008.8,7
2023-01-31,40.0,30.0,0.96,82.4,5.9,1017.5,9
2023-02-01,14.4,4.0,7.54,54.0,12.4,1017.6,9
2023-02-02,21.8,7.9,3.62,69.2,19.5,1026.5,11
2023-02-03,35.4,27.8,2.38,98.7,21.3,1025.0,6
2023-02-04,40.0,30.0,1.94,87.5,20.9,1010.1,11
2023-02-05,40.0,30.0,6.73,90.2,10.9,1026.0,2
2023-02-06,32.1,24.3,4.63,70.4,9.2,1005.9,3
2023-02-07,30.2,19.9,14.38,74.8,17.5,1022.3,8
2023-02-08,25.9,17.5,1.26,85.0,18.2,1031.1,7
2023-02-09,27.8,20.8,5.59,93.4,17.0,1025.1,11
2023-02-10,14.5,9.3,0.35,40.7,4.9,1014.1,11
2023-02-11,11.8,8.1,1.35,50.3,10.7,1009.7,0
2023-02-12,20.0,10.5,2.95,89.6,14.9,997.7,2
2023-02-13,18.3,8.6,3.69,65.8,17.4,1016.1,11
2023-02-14,15.5,13.1,17.59,59.9,18.8,1001.8,9
2023-02-15,27.0,15.2,2.08,51.2,15.7,1005.1,1
2023-02-16,29.6,20.8,2.65,61.7,16.7,1001.1,1
2023-02-17,20.9,9.7,4.37,49.0,15.4,1008.4,7
2023-02-18,34.8,30.0,7.37,100.0,18.4,1012.7,5
2023-02-19,8.6,5.7,2.54,69.7,16.6,1015.7,11
2023-02-20,18.1,11.5,3.08,69.1,15.3,1007.0,11
2023-02-21,12.8,4.3,6.97,78.8,13.7,1023.7,11
2023-02-22,1.3,-11.1,7.87,84.4,15.4,1010.9,5
2023-02-23,19.2,10.1,0.48,84.2,17.4,1005.1,3
2023-02-24,18.8,12.5,2.25,86.1,16.3,1015.3,0
2023-02-25,35.1,30.0,0.83,60.5,16.9,1032.6,10
2023-02-26,26.3,15.6,2.64,65.5,21.7,1016.4,6
2023-02-27,9.8,5.7,4.55,81.5,16.3,1009.4,7
2023-02-28,38.5,26.7,3.37,62.1,11.8,997.7,1
2023-03-01,32.2,26.1,0.93,69.9,19.4,1010.8,1
2023-03-02,25.8,14.0,1.98,76.0,8.2,1015.3,0
2023-03-03,17.7,8.7,5.75,81.8,9.6,1009.1,3
2023-03-04,10.4,3.8,12.01,43.3,16.7,996.3,5
2023-03-05,16.3,10.8,3.51,80.7,17.6,1004.5,4
2023-03-06,30.9,24.9,6.27,66.5,8.8,1027.5,3
2023-03-07,38.8,30.0,2.38,80.6,13.1,1027.3,3
2023-03-08,35.4,28.2,3.08,81.7,12.0,1004.1,9
2023-03-09,15.1,9.9,4.09,94.1,12.6,1019.7,6
2023-03-10,8.8,2.3,0.77,90.3,19.7,1001.2,6
2023-03-11,21.4,14.2,2.0,90.2,18.5,1027.0,1
2023-03-12,2.3,1.7,4.84,91.7,14.9,1015.5,6
2023-03-13,23.2,14.9,8.2,74.4,12.3,1022.5,1
2023-03-14,18.5,14.5,6.78,70.5,8.3,995.8,3
2023-03-15,15.3,11.8,1.16,83.1,22.1,1019.8,0
2023-03-16,4.1,2.1,4.07,81.0,18.0,1012.9,4
2023-03-17,25.1,23.5,1.59,65.4,11.5,1021.5,0
2023-03-18,14.7,11.7,11.66,76.1,18.6,1022.1,3
2023-03-19,8.3,3.4,0.18,69.5,14.6,1013.7,8
2023-03-20,-8.7,-20.0,2.79,57.2,13.6,1007.0,11
2023-03-21,19.7,14.3,5.78,89.4,17.2,1020.8,7
2023-03-22,37.7,30.0,0.04,70.8,11.3,1012.4,5
2023-03-23,36.6,28.4,6.23,100.0,13.3,1004.3,7
2023-03-24,15.4,8.0,0.86,45.6,15.6,1003.8,4
2023-03-25,14.0,7.2,8.15,61.6,12.5,998.2,6
2023-03-26,24.7,21.3,1.32,70.5,18.3,1007.9,7
2023-03-27,10.0,-1.3,1.23,87.1,24.3,1024.0,6
2023-03-28,23.0,10.6,7.63,76.0,11.2,1014.8,3
2023-03-29,27.7,25.7,1.35,74.7,6.7,1007.7,4
2023-03-30,32.3,28.3,0.45,53.1,5.0,1021.0,9
2023-03-31,19.0,12.8,3.75,52.6,14.2,1004.7,5
2023-04-01,18.0,13.9,6.85,74.8,11.7,1014.0,11
2023-04-02,11.2,2.7,14.91,49.5,16.0,1011.2,10
2023-04-03,11.7,6.9,7.14,62.0,15.7,1020.8,5
2023-04-04,17.7,4.2,8.8,77.5,7.0,997.2,8
2023-04-05,23.7,13.1,0.47,55.3,5.9,1004.5,9
2023-04-06,29.1,21.5,2.13,94.1,16.5,996.6,1
2023-04-07,12.0,1.9,3.31,88.4,15.7,1010.4,5
2023-04-08,34.9,24.6,3.54,46.4,12.9,1025.1,2
2023-04-09,17.3,12.0,2.39,56.0,6.7,1007.9,1
2023-04-10,19.8,15.2,2.12,35.7,17.4,1007.9,5
2023-04-11,12.5,5.3,5.0,58.3,21.4,1021.7,3
2023-04-12,-4.2,-13.8,4.8,81.5,16.4,1023.7,4
2023-04-13,28.8,21.4,5.52,63.8,10.8,1012.1,4
2023-04-14,27.4,25.1,4.45,76.9,15.2,1019.8,2
2023-04-15,17.2,12.6,0.46,47.2,8.2,1002.2,11
2023-04-16,20.7,13.9,0.43,82.0,20.3,1026.8,3
2023-04-17,25.2,18.4,2.99,61.7,15.4,1034.5,2
2023-04-18,4.4,-8.5,11.92,70.2,6.2,1018.2,6
2023-04-19,14.7,11.9,3.07,68.6,13.5,992.2,0
2023-04-20,27.9,19.4,1.88,50.9,17.3,1007.4,5
2023-04-21,7.5,-4.0,1.64,52.7,13.3,1019.1,3
2023-04-22,22.9,9.1,17.68,84.5,13.6,1008.8,0
2023-04-23,6.4,0.6,2.37,76.0,8.9,1025.7,0
2023-04-24,24.7,16.2,0.86,85.8,17.8,1018.9,4
2023-04-25,19.6,10.9,5.08,74.9,11.8,1005.9,4
2023-04-26,3.8,-3.7,6.0,72.1,4.2,1013.3,9
2023-04-27,31.6,24.9,7.79,44.1,13.1,1004.1,6
2023-04-28,12.7,4.3,12.04,65.9,19.9,1011.2,11
2023-04-29,11.9,12.5,5.53,69.6,13.1,1007.5,3
2023-04-30,22.0,13.0,2.28,99.3,23.7,1024.7,8
2023-05-01,31.5,24.1,1.72,80.3,17.1,1034.2,3
2023-05-02,9.8,3.5,4.54,93.0,16.7,998.7,6
2023-05-03,20.6,7.5,13.34,79.0,14.4,993.8,4
2023-05-04,24.3,19.3,3.99,59.3,14.7,1010.5,4
2023-05-05,26.9,21.1,9.01,71.8,13.7,997.8,5
2023-05-06,21.8,8.8,3.9,73.5,13.5,1013.5,7
2023-05-07,16.3,11.8,7.19,55.9,17.7,1020.5,4
2023-05-08,11.7,6.4,2.49,64.2,10.3,1027.9,2
2023-05-09,20.9,14.3,1.21,66.9,9.6,1015.0,5
2023-05-10,9.3,-0.2,6.75,94.1,9.4,1011.1,11
2023-05-11,-9.2,-16.8,6.27,38.8,25.2,993.2,1
2023-05-12,24.4,21.2,7.86,88.1,17.7,1013.3,11
2023-05-13,29.0,23.6,2.93,55.9,16.5,1013.7,11
2023-05-14,-3.6,-8.8,0.0,49.4,9.7,1019.4,7
2023-05-15,9.9,3.1,4.79,87.7,18.1,1005.9,7
2023-05-16,26.2,17.9,7.1,81.0,14.4,1008.6,2
2023-05-17,40.0,30.0,5.12,88.8,16.1,998.2,11
2023-05-18,20.2,18.5,1.83,82.0,10.1,990.1,7
2023-05-19,12.7,2.5,0.31,100.0,15.8,1001.9,8
2023-05-20,18.2,10.4,0.67,78.4,12.9,997.3,4
2023-05-21,33.7,22.6,4.41,67.7,11.2,1016.4,4
2023-05-22,13.5,5.2,1.09,75.1,18.7,1007.8,5
2023-05-23,12.0,1.7,2.67,88.7,7.3,1007.6,6
2023-05-24,15.2,6.8,0.94,58.3,17.8,1003.2,2
2023-05-25,10.5,-0.6,0.69,60.2,18.4,980.7,4
2023-05-26,21.2,12.7,5.14,65.4,10.6,1028.1,0
2023-05-27,36.2,29.5,13.11,38.4,10.9,1003.0,10
2023-05-28,23.2,9.4,9.26,72.1,13.9,1008.9,9
2023-05-29,17.5,7.8,0.9,41.7,16.4,998.5,4
2023-05-30,17.1,8.4,4.36,70.8,14.2,1022.7,3
2023-05-31,4.4,1.2,5.09,83.0,17.2,1014.4,0
2023-06-01,28.8,25.7,8.96,62.8,23.8,1004.7,6
2023-06-02,19.2,11.3,1.09,95.2,12.5,1009.1,0
2023-06-03,18.2,10.8,8.46,48.1,6.4,1029.8,7
2023-06-04,40.0,30.0,0.26,87.9,19.1,1012.3,9
2023-06-05,23.0,15.6,3.68,80.1,23.4,1011.2,11
2023-06-06,12.5,0.7,6.62,44.3,17.0,1003.6,1
2023-06-07,15.7,6.7,9.45,100.0,9.6,994.1,9
2023-06-08,31.5,27.9,15.94,69.0,14.4,1011.4,11
2023-06-09,21.1,14.5,3.0,56.8,9.4,1016.3,4
2023-06-10,5.6,1.0,6.49,48.9,18.2,1024.0,5
2023-06-11,29.2,23.4,0.95,66.7,8.2,990.5,8
2023-06-12,13.3,7.6,6.92,68.1,13.5,1001.7,6
2023-06-13,38.7,30.0,4.35,71.5,10.0,1007.2,5
2023-06-14,30.8,27.6,3.31,65.5,15.6,1013.0,4
2023-06-15,15.5,8.9,0.88,79.5,13.2,1011.5,5
2023-06-16,32.8,27.5,3.39,64.2,15.9,1011.8,10
2023-06-17,20.7,22.5,0.21,41.0,15.1,1017.1,3
2023-06-18,28.5,15.4,6.3,67.8,10.1,1004.0,0
2023-06-19,24.8,14.6,8.13,34.5,18.1,1022.3,11
2023-06-20,11.5,5.7,6.0,75.3,14.8,1017.3,8
2023-06-21,13.6,6.5,11.09,55.3,10.1,1009.8,10
2023-06-22,30.3,26.8,5.08,72.5,26.2,1029.0,4
2023-06-23,16.7,4.6,3.08,89.7,17.4,1028.6,7
2023-06-24,16.0,3.3,9.82,55.8,14.2,1022.3,6
2023-06-25,10.4,3.0,0.03,85.9,22.1,982.8,7
2023-06-26,24.2,14.2,7.55,63.5,24.2,1028.8,0
2023-06-27,40.0,30.0,10.87,96.3,14.3,1020.9,8
2023-06-28,9.3,6.3,5.28,64.5,16.7,1033.1,0
2023-06-29,20.2,14.5,4.48,57.4,10.1,1025.4,2
2023-06-30,34.1,26.7,1.59,80.3,14.3,1028.8,7
2023-07-01,19.2,13.6,9.61,63.5,14.0,1021.8,11
2023-07-02,24.5,18.2,2.15,57.4,15.9,1026.5,10
2023-07-03,9.4,2.7,3.4,62.8,16.7,1032.9,0
2023-07-04,24.3,17.5,6.79,69.3,17.8,1015.2,0
2023-07-05,18.1,11.0,6.48,90.1,16.2,997.3,5
2023-07-06,29.9,26.0,4.39,41.0,8.9,1009.9,4
2023-07-07,31.9,27.0,1.96,70.3,10.3,1016.9,10
2023-07-08,40.0,30.0,1.44,79.4,12.3,1013.7,5
2023-07-09,25.8,15.9,7.29,72.9,13.6,1000.5,2
2023-07-10,23.3,22.6,5.77,89.6,20.3,996.7,9
2023-07-11,21.9,11.5,1.71,68.9,9.2,1005.6,11
2023-07-12,16.5,5.3,8.41,67.2,13.2,1021.1,9
2023-07-13,23.4,17.3,2.35,78.9,19.8,1028.8,5
2023-07-14,17.0,17.9,1.26,71.5,13.5,1022.2,1
2023-07-15,21.7,15.8,0.79,64.1,17.3,1023.6,7
2023-07-16,33.2,26.4,1.89,77.7,14.3,1012.2,11
2023-07-17,9.9,6.0,1.64,60.2,16.3,995.6,5
2023-07-18,31.4,25.9,9.17,60.8,13.9,1008.4,3
2023-07-19,33.2,21.6,1.03,62.1,18.3,1010.4,3
2023-07-20,18.8,9.8,3.94,90.3,7.3,1008.0,10
2023-07-21,-1.2,-5.4,0.28,21.7,13.2,1013.5,6
2023-07-22,13.9,11.7,1.7,75.9,16.5,1017.4,2
2023-07-23,33.0,27.0,4.55,70.5,17.7,1021.5,10
2023-07-24,19.8,13.4,1.9,44.8,22.5,1010.2,2
2023-07-25,10.0,1.5,2.03,74.6,13.0,994.0,5
2023-07-26,15.0,9.6,5.7,77.1,22.4,1008.2,8
2023-07-27,28.4,19.9,4.12,78.8,11.7,1013.4,0
2023-07-28,25.5,12.7,2.99,30.2,21.6,1025.2,4
2023-07-29,17.6,8.2,8.42,90.5,19.1,1007.3,0
2023-07-30,16.3,9.5,4.05,58.9,10.4,1018.1,0
2023-07-31,16.1,9.6,3.99,80.3,16.5,1015.9,2
2023-08-01,10.8,4.8,2.95,81.1,14.7,1013.4,2
2023-08-02,36.2,25.6,0.41,56.8,18.1,1022.3,3
2023-08-03,16.8,11.7,4.09,79.9,13.9,1006.4,2
2023-08-04,32.2,25.0,5.38,64.2,13.5,1007.2,5
2023-08-05,35.2,28.1,5.73,38.9,21.8,1012.9,11
2023-08-06,30.0,24.5,0.31,87.5,14.5,1006.6,3
2023-08-07,15.7,12.8,1.73,58.4,19.1,1018.1,7
2023-08-08,24.0,16.1,4.28,57.2,13.9,1005.9,0
2023-08-09,19.8,12.9,8.97,64.0,23.3,1015.3,7
2023-08-10,11.0,2.5,0.86,74.1,11.6,1012.0,10
2023-08-11,23.2,17.8,0.51,69.1,11.9,1015.1,0
2023-08-12,8.2,-2.5,0.44,78.2,22.6,1008.4,10
2023-08-13,31.9,27.5,1.01,49.9,12.8,1009.6,0
2023-08-14,15.4,3.2,1.26,58.9,23.0,1014.0,6
2023-08-15,22.0,20.3,6.85,68.3,19.5,1015.0,0
2023-08-16,22.8,14.5,2.27,98.5,14.2,1013.0,8
2023-08-17,17.4,9.0,5.14,68.3,5.9,1030.1,7
2023-08-18,25.9,21.3,5.51,86.3,14.9,1003.1,0
2023-08-19,15.3,7.0,0.19,70.6,15.5,1012.4,1
2023-08-20,28.7,17.9,1.35,62.7,20.8,997.3,1
2023-08-21,6.5,6.2,11.37,66.3,22.9,1016.7,1
2023-08-22,21.3,12.8,1.63,67.5,11.6,1001.8,5
2023-08-23,39.4,30.0,8.01,79.1,19.0,1010.2,3
2023-08-24,10.0,5.9,6.99,90.6,18.8,1009.3,7
2023-08-25,13.2,1.3,3.17,75.4,20.4,1015.8,0
2023-08-26,25.1,19.9,6.07,87.8,17.5,1007.5,9
2023-08-27,21.8,18.3,4.88,55.5,5.3,1007.0,3
2023-08-28,23.5,17.1,3.84,63.8,14.2,1027.4,9
2023-08-29,24.9,11.7,8.81,59.1,9.2,1015.8,10
2023-08-30,26.3,24.8,0.3,74.7,14.0,1007.4,4
2023-08-31,31.1,27.3,7.47,64.6,19.9,1010.5,8
2023-09-01,24.1,12.6,5.16,80.9,16.5,1029.5,4
2023-09-02,17.6,5.0,1.52,56.0,20.7,1010.6,10
2023-09-03,26.7,20.0,6.04,70.6,16.7,1006.1,2
2023-09-04,39.0,30.0,1.63,80.3,8.5,1006.2,10
2023-09-05,18.7,5.4,2.77,39.0,2.4,1007.5,3
2023-09-06,10.3,-1.5,3.57,100.0,15.7,1007.1,9
2023-09-07,31.1,22.0,3.31,65.8,13.9,1000.2,6
2023-09-08,18.8,14.2,1.64,39.6,10.1,1001.8,0
2023-09-09,-1.7,-8.6,2.05,72.4,6.5,1004.7,10
2023-09-10,28.5,22.0,4.49,70.5,11.3,1018.9,5
2023-09-11,14.6,6.7,9.82,68.8,14.0,1009.2,7
2023-09-12,19.1,7.7,1.48,84.9,18.3,1010.9,0
2023-09-13,23.3,13.7,0.56,81.2,15.9,1025.7,7
2023-09-14,21.9,18.1,10.94,74.5,23.0,1026.0,6
2023-09-15,27.1,16.0,3.21,76.8,9.8,1010.2,0
2023-09-16,15.6,7.7,2.63,68.4,19.4,1006.7,8
2023-09-17,25.1,16.1,2.48,96.6,15.2,1004.4,10
2023-09-18,17.4,6.0,2.66,47.8,18.5,1019.9,2
2023-09-19,27.4,23.7,5.16,72.1,12.8,1011.0,1
2023-09-20,26.2,19.3,6.7,71.0,20.4,1009.1,6
2023-09-21,10.6,5.2,15.86,82.2,16.5,1004.9,10
2023-09-22,30.9,28.6,8.25,57.3,11.6,1005.3,2
2023-09-23,14.6,6.6,6.04,43.8,14.9,1016.2,0
2023-09-24,28.1,13.5,0.21,72.4,13.8,999.8,9
2023-09-25,23.7,22.2,0.07,74.2,17.4,1022.9,2
2023-09-26,38.4,30.0,0.1,92.3,9.1,1007.7,5
2023-09-27,17.8,8.8,1.54,50.9,14.9,1011.5,2
2023-09-28,16.5,9.1,11.42,87.3,17.0,999.6,4
2023-09-29,19.8,13.1,7.21,100.0,15.2,1012.9,8
2023-09-30,17.0,13.9,3.12,64.3,21.7,1009.7,6
2023-10-01,28.0,20.3,9.76,50.6,18.9,1012.5,1
2023-10-02,3.8,-0.9,4.56,63.9,15.0,1027.7,0
2023-10-03,9.5,9.0,3.65,70.2,16.1,1014.8,6
2023-10-04,9.3,-1.3,7.89,78.5,16.5,1005.1,3
2023-10-05,29.5,19.6,0.5,61.1,17.0,1005.9,10
2023-10-06,37.1,30.0,3.81,93.3,5.9,1019.0,6
2023-10-07,19.0,11.3,3.51,53.3,13.5,1026.0,5
2023-10-08,18.3,8.1,3.75,43.9,7.6,1015.8,6
2023-10-09,20.7,13.0,4.06,86.6,21.4,1019.9,3
2023-10-10,31.6,21.9,7.02,35.9,14.7,1019.1,2
2023-10-11,10.7,4.6,4.2,66.9,14.0,1027.2,11
2023-10-12,22.4,11.4,6.67,100.0,19.5,993.5,4
2023-10-13,29.8,21.8,6.46,69.8,17.1,1019.7,2
2023-10-14,25.0,17.4,4.56,53.2,9.4,1022.8,2
2023-10-15,21.9,18.7,2.94,69.1,14.6,999.6,3
2023-10-16,30.0,22.1,1.01,69.2,13.3,1004.1,7
2023-10-17,-7.0,-11.5,5.67,72.4,6.3,1004.5,1
2023-10-18,26.8,21.7,3.46,79.9,11.5,1005.7,3
2023-10-19,13.5,8.9,1.26,54.4,14.1,1008.2,10
2023-10-20,1.7,-2.1,3.03,95.3,14.4,1015.4,2
2023-10-21,25.1,11.7,4.66,73.7,7.6,1021.7,6
2023-10-22,33.7,22.7,8.75,80.9,20.8,1023.8,1
2023-10-23,18.6,5.9,1.97,60.6,14.5,1004.6,0
2023-10-24,29.5,26.2,8.59,89.3,15.2,1004.6,9
2023-10-25,36.1,28.9,0.37,66.1,17.0,1026.2,0
2023-10-26,33.1,30.0,0.38,74.2,11.1,1019.5,5
2023-10-27,36.4,30.0,0.82,56.0,17.3,1013.8,2
2023-10-28,27.4,23.2,7.38,55.0,13.2,1017.7,6
2023-10-29,20.8,10.0,0.55,80.3,10.5,1012.7,7
2023-10-30,4.0,-1.8,6.22,63.3,17.9,1018.2,4
2023-10-31,17.5,7.3,1.09,57.2,22.5,1009.6,4
2023-11-01,11.6,2.8,6.88,60.4,18.6,1015.7,11
2023-11-02,40.0,26.1,0.15,80.5,19.6,997.9,1
2023-11-03,18.2,15.7,2.9,60.6,12.4,1006.1,7
2023-11-04,21.2,10.5,3.17,68.2,7.0,1006.2,9
2023-11-05,25.5,15.1,2.95,70.2,22.5,1009.3,0
2023-11-06,20.4,16.4,7.63,41.2,25.3,1003.7,9
2023-11-07,37.0,26.9,2.54,47.9,22.7,1007.7,8
2023-11-08,13.8,5.8,2.11,75.0,13.3,997.9,0
2023-11-09,21.9,15.6,6.28,58.9,9.2,1018.5,0
2023-11-10,12.6,8.0,7.82,85.9,9.7,1012.2,0
2023-11-11,6.8,2.0,2.9,84.5,6.6,995.9,6
2023-11-12,13.9,0.7,0.86,80.8,14.5,1004.7,3
2023-11-13,19.6,12.6,5.87,97.3,23.0,1016.4,11
2023-11-14,15.7,6.4,0.43,68.8,14.3,1007.6,6
2023-11-15,13.1,8.4,0.09,79.7,16.5,1006.0,4
2023-11-16,5.9,1.3,3.54,61.2,21.9,1012.3,11
2023-11-17,19.2,8.9,1.27,100.0,13.0,1016.4,6
2023-11-18,5.0,2.0,6.44,99.8,25.2,998.6,9
2023-11-19,27.6,21.8,0.06,70.2,25.0,1018.5,6
2023-11-20,20.8,13.7,2.71,75.8,14.3,1005.0,3
2023-11-21,5.4,-1.9,8.92,90.4,12.1,1012.8,1
2023-11-22,16.9,10.4,4.71,67.8,18.5,1012.6,7
2023-11-23,12.5,4.3,2.7,60.2,13.3,1007.7,1
2023-11-24,23.2,14.1,0.01,83.1,9.2,1002.8,8
2023-11-25,33.4,24.2,0.17,71.2,21.4,1010.1,4
2023-11-26,1.2,-2.8,1.25,72.7,21.1,1029.3,8
2023-11-27,21.2,15.0,0.29,57.5,15.8,999.4,8
2023-11-28,18.4,7.8,6.78,44.2,8.7,1029.9,7
2023-11-29,26.7,17.0,1.89,73.5,8.9,1010.4,7
2023-11-30,22.1,19.3,3.75,83.6,15.5,1013.4,3
2023-12-01,12.5,4.4,11.84,66.6,12.5,1002.1,3
2023-12-02,16.8,15.7,4.6,91.5,13.3,1005.3,1
2023-12-03,12.0,4.9,4.03,59.4,20.1,1008.0,3
2023-12-04,30.8,18.1,0.79,54.2,18.7,1002.5,3
2023-12-05,20.2,16.1,3.55,69.0,21.9,1010.9,5
2023-12-06,39.0,30.0,11.52,68.8,10.0,1008.9,2
2023-12-07,19.4,10.1,2.54,81.5,13.3,1031.5,1
2023-12-08,12.9,10.5,7.88,58.4,18.8,1001.3,7
2023-12-09,4.9,-0.2,10.0,90.5,17.2,1014.0,1
2023-12-10,2.0,-6.8,0.14,99.5,22.7,1015.5,7
2023-12-11,4.2,-0.9,1.61,69.4,17.1,1002.3,6
2023-12-12,22.7,16.4,2.18,88.7,24.2,1019.9,2
2023-12-13,25.1,15.9,1.98,54.2,17.7,1009.0,5
2023-12-14,4.2,-4.1,2.82,86.1,20.3,988.1,5
2023-12-15,29.0,21.1,6.3,85.7,13.4,1019.6,9
2023-12-16,15.2,9.2,8.45,83.0,15.1,1001.8,4
2023-12-17,21.5,13.4,0.74,69.8,19.6,1002.5,7
2023-12-18,36.1,29.5,6.84,25.7,23.1,1019.9,10
2023-12-19,29.0,20.6,2.89,60.4,18.6,1009.5,11
2023-12-20,17.3,11.8,4.47,60.6,14.6,1022.2,4
2023-12-21,11.1,4.6,4.25,55.3,21.9,1025.1,6
2023-12-22,-1.5,-5.5,1.37,71.8,4.0,1006.6,5
2023-12-23,12.8,5.9,3.62,63.7,7.9,1020.9,10
2023-12-24,17.9,13.3,10.58,57.6,18.4,1005.4,6
2023-12-25,10.1,6.5,4.91,54.1,15.1,1035.3,8
2023-12-26,18.7,10.9,1.13,59.3,18.0,1006.1,2
2023-12-27,20.8,13.1,0.5,86.8,15.3,1023.3,9
2023-12-28,17.8,8.4,2.15,60.1,17.9,1021.4,6
2023-12-29,13.5,7.8,11.18,62.3,10.9,1016.2,9
2023-12-30,21.7,13.5,2.08,63.1,17.9,1006.3,2
2023-12-31,24.4,15.8,2.9,75.1,20.0,1011.5,1